Epoch,Type,Total Fault Intensity,Landing Velocity
0,Optimization,0.0,0.4337105572227473
1,ML,0.0,2.5157284707941656
100,ML,0.0,0.46941135418221547
500,ML,0.0,0.4335516391151769
1200,ML,0.0,0.6371712915372297
2000,ML,0.0,0.49376943664605677
0,Optimization,0.0,0.4224299006529639
1,ML,0.0,1.0092162491774026
100,ML,0.0,0.6911198713398441
500,ML,0.0,1.030744688232324
1200,ML,0.0,0.5698425747610729
2000,ML,0.0,0.41371246400227263
0,Optimization,0.0,0.41485805116088775
1,ML,0.0,0.5977558342514613
100,ML,0.0,0.40103721156853517
500,ML,0.0,0.6769974675069272
1200,ML,0.0,0.7922817292813504
2000,ML,0.0,0.39831721151987903
0,Optimization,0.0,0.45576168307587805
1,ML,0.0,2.0019795637910796
100,ML,0.0,1.0701677366721207
500,ML,0.0,0.5122010601975485
1200,ML,0.0,0.8524349859268032
2000,ML,0.0,0.38568439231586343
0,Optimization,0.0,0.4324684399880111
1,ML,0.0,2.990936208232055
100,ML,0.0,1.4032870770174932
500,ML,0.0,0.506345664285108
1200,ML,0.0,0.4520355722993032
2000,ML,0.0,0.4980647875088291
0,Optimization,0.0,0.487308126331239
1,ML,0.0,3.6102332954830576
100,ML,0.0,0.6386704679524533
500,ML,0.0,0.7571506440833022
1200,ML,0.0,0.687211268380472
2000,ML,0.0,0.4669172807961626
0,Optimization,0.0,0.43331451249185
1,ML,0.0,1.0675065507919232
100,ML,0.0,0.7556023418632369
500,ML,0.0,0.7705098731374261
1200,ML,0.0,0.6392428017915943
2000,ML,0.0,0.3891566432878746
0,Optimization,0.0,0.4655530998435326
1,ML,0.0,1.421599004485123
100,ML,0.0,1.4445779435180197
500,ML,0.0,0.7481557212055264
1200,ML,0.0,0.4354716983096929
2000,ML,0.0,0.3411921420827188
0,Optimization,0.0,0.5452430329683505
1,ML,0.0,2.4502048501635736
100,ML,0.0,0.6559923282570373
500,ML,0.0,0.605240657558466
1200,ML,0.0,0.5645050054532517
2000,ML,0.0,0.39047428426064346
0,Optimization,0.02,0.5113057988143479
1,ML,0.02,3.4240798373793617
100,ML,0.02,2.3218265525775403
500,ML,0.02,1.4995418597156978
1200,ML,0.02,0.4579832205944706
2000,ML,0.02,0.44712375566167517
0,Optimization,0.02,0.3964158334709406
1,ML,0.02,8.811639379948936
100,ML,0.02,1.8107507320933713
500,ML,0.02,0.5985037772663443
1200,ML,0.02,0.5957726229667514
2000,ML,0.02,0.4908582095178501
0,Optimization,0.02,0.46324154982867066
1,ML,0.02,3.8624277000641793
100,ML,0.02,0.4958418276491133
500,ML,0.02,0.7372271672615807
1200,ML,0.02,0.4595010276904467
2000,ML,0.02,0.49439798125301776
0,Optimization,0.02,0.4562623319359418
1,ML,0.02,6.860767480245513
100,ML,0.02,0.856303490596099
500,ML,0.02,0.4390244135586463
1200,ML,0.02,0.42018913077480546
2000,ML,0.02,0.5041726014788885
0,Optimization,0.02,0.4845716164619048
1,ML,0.02,1.4263899625974523
100,ML,0.02,0.7816974149997746
500,ML,0.02,0.9901739373959023
1200,ML,0.02,0.6164871448474146
2000,ML,0.02,0.4604540519662291
0,Optimization,0.02,0.4548045411369248
1,ML,0.02,2.097288816158775
100,ML,0.02,3.9919824827479062
500,ML,0.02,0.5758729605599896
1200,ML,0.02,0.5120352871566192
2000,ML,0.02,0.49483422269686117
0,Optimization,0.02,0.4123088584375408
1,ML,0.02,2.116564732913152
100,ML,0.02,1.9727563588806505
500,ML,0.02,0.6685530179206378
1200,ML,0.02,0.8145500916462323
2000,ML,0.02,0.39493094792443745
0,Optimization,0.02,0.7103552128380426
1,ML,0.02,1.474234031532524
100,ML,0.02,0.8813159790774845
500,ML,0.02,0.4846691660355525
1200,ML,0.02,0.5259926158749931
2000,ML,0.02,0.5485006515681321
0,Optimization,0.02,0.4695876922754885
1,ML,0.02,3.124351657267864
100,ML,0.02,1.3530802551821477
500,ML,0.02,0.5438223432782059
1200,ML,0.02,0.48504457382332267
2000,ML,0.02,0.4061072849496501
0,Optimization,0.04,0.4577752325103379
1,ML,0.04,2.2283426503826202
100,ML,0.04,0.9464748699550749
500,ML,0.04,1.0345481171072208
1200,ML,0.04,1.7152137844745414
2000,ML,0.04,0.5029135407068501
0,Optimization,0.04,0.5894921668859514
1,ML,0.04,5.550817907069826
100,ML,0.04,0.7335675816714163
500,ML,0.04,0.5699369232199432
1200,ML,0.04,0.5505434628233712
2000,ML,0.04,0.507576859652829
0,Optimization,0.04,0.7756144357146989
1,ML,0.04,5.6895177765231875
100,ML,0.04,0.7077320092297504
500,ML,0.04,0.6252439433263611
1200,ML,0.04,0.4581944525131026
2000,ML,0.04,0.5754768735144107
0,Optimization,0.04,0.4181844464386685
1,ML,0.04,4.307948032894622
100,ML,0.04,1.85719614740166
500,ML,0.04,0.5110425915156462
1200,ML,0.04,0.6531740922513245
2000,ML,0.04,0.4047541550832254
0,Optimization,0.04,0.7176013119845561
1,ML,0.04,1.8846256485965442
100,ML,0.04,0.9372745614928997
500,ML,0.04,0.5710850141213013
1200,ML,0.04,0.5969524099902614
2000,ML,0.04,0.5030882063404206
0,Optimization,0.04,0.526479550691505
1,ML,0.04,8.712779263127667
100,ML,0.04,2.3029696680159333
500,ML,0.04,0.47313591757183476
1200,ML,0.04,0.5842275321777258
2000,ML,0.04,0.5559040799925599
0,Optimization,0.04,1.1028900958849532
1,ML,0.04,1.0972687452618692
100,ML,0.04,1.5199985834892278
500,ML,0.04,0.7413291408274945
1200,ML,0.04,0.5276910332578263
2000,ML,0.04,0.510552774543929
0,Optimization,0.04,0.5302137211021952
1,ML,0.04,5.416559462927338
100,ML,0.04,0.7771231621302268
500,ML,0.04,0.6185033964293957
1200,ML,0.04,0.4956413977313293
2000,ML,0.04,0.3563320225158048
0,Optimization,0.04,0.5696072532777705
1,ML,0.04,2.9308390727935576
100,ML,0.04,0.5815721492161405
500,ML,0.04,0.9447958677507264
1200,ML,0.04,0.48102507685571605
2000,ML,0.04,0.45826481755833
0,Optimization,0.06,0.5300088894011582
1,ML,0.06,1.4503740392960103
100,ML,0.06,1.8077578142840394
500,ML,0.06,0.7791131871148684
1200,ML,0.06,0.5582986888044305
2000,ML,0.06,0.4552235122953644
0,Optimization,0.06,0.42738165057724087
1,ML,0.06,4.495842579438303
100,ML,0.06,1.5748374273281986
500,ML,0.06,1.772377490534418
1200,ML,0.06,0.8353440112920574
2000,ML,0.06,0.41065964211260725
0,Optimization,0.06,0.6233445900322003
1,ML,0.06,11.083400036491417
100,ML,0.06,1.4537181192982325
500,ML,0.06,0.7200519605470681
1200,ML,0.06,0.4874897488149251
2000,ML,0.06,0.28663330376743007
0,Optimization,0.06,0.7159979302053923
1,ML,0.06,1.456844214481442
100,ML,0.06,1.1006569366565324
500,ML,0.06,0.74373357619703
1200,ML,0.06,0.772026649985828
2000,ML,0.06,0.38271382633968787
0,Optimization,0.06,0.5954798492047721
1,ML,0.06,1.223433349342891
100,ML,0.06,0.7321755236441386
500,ML,0.06,0.6858019836000888
1200,ML,0.06,0.7809005683926951
2000,ML,0.06,0.421102408978993
0,Optimization,0.06,0.4858470396607716
1,ML,0.06,4.534350042358384
100,ML,0.06,0.7237463333756611
500,ML,0.06,0.7833864567824724
1200,ML,0.06,0.8184248162719114
2000,ML,0.06,0.519720758595681
0,Optimization,0.06,0.4342660497490276
1,ML,0.06,0.9161299333975446
100,ML,0.06,0.9922957049203195
500,ML,0.06,0.8733463816954863
1200,ML,0.06,0.5849880005064098
2000,ML,0.06,0.48391527787611516
0,Optimization,0.06,0.7488396937133112
1,ML,0.06,0.9061314459385946
100,ML,0.06,0.8047064536802591
500,ML,0.06,1.5555197560326388
1200,ML,0.06,0.5823253839457327
2000,ML,0.06,0.47942431539002095
0,Optimization,0.06,0.5974277170033493
1,ML,0.06,0.9758976804687047
100,ML,0.06,1.2187155362659268
500,ML,0.06,0.690903616745365
1200,ML,0.06,0.4981618640978161
2000,ML,0.06,0.4708352964261388
0,Optimization,0.08,0.6052480476715996
1,ML,0.08,1.9467625052340636
100,ML,0.08,1.0045124522593702
500,ML,0.08,0.7248143297122178
1200,ML,0.08,0.8726287510878914
2000,ML,0.08,0.3460917069412494
0,Optimization,0.08,0.49760658204525854
1,ML,0.08,1.6472445217588283
100,ML,0.08,0.739949528840661
500,ML,0.08,0.994420271914545
1200,ML,0.08,0.6281183238034083
2000,ML,0.08,0.30201892931389374
0,Optimization,0.08,0.4628662661558435
1,ML,0.08,2.95977062959227
100,ML,0.08,0.7088384847317942
500,ML,0.08,0.4935417419105829
1200,ML,0.08,0.45562020495068617
2000,ML,0.08,0.40056186726370346
0,Optimization,0.08,0.4882910551537023
1,ML,0.08,1.045429300377316
100,ML,0.08,0.6092266082685974
500,ML,0.08,0.5280134111344305
1200,ML,0.08,0.46124285229494516
2000,ML,0.08,0.5164519097594802
0,Optimization,0.08,0.49443589723483017
1,ML,0.08,2.513567128549904
100,ML,0.08,0.7788514151030264
500,ML,0.08,1.2828843504457046
1200,ML,0.08,0.49557830486955173
2000,ML,0.08,0.4969387042541231
0,Optimization,0.08,0.7024251531334953
1,ML,0.08,4.6795226257109785
100,ML,0.08,0.6035367490109942
500,ML,0.08,1.191641281385457
1200,ML,0.08,0.6320430961907494
2000,ML,0.08,0.5125255274051542
0,Optimization,0.08,0.54776023090183
1,ML,0.08,11.05668127960693
100,ML,0.08,1.0683592433367526
500,ML,0.08,0.555071716062828
1200,ML,0.08,0.6593284560419816
2000,ML,0.08,0.4629197758589742
0,Optimization,0.08,0.4568486263131635
1,ML,0.08,9.437578345244651
100,ML,0.08,1.0500837100754568
500,ML,0.08,0.5919118949965502
1200,ML,0.08,0.6156683952245032
2000,ML,0.08,0.4856543205249094
0,Optimization,0.08,1.2151494046496207
1,ML,0.08,2.53077029499886
100,ML,0.08,0.8216274922320225
500,ML,0.08,1.1571295418931904
1200,ML,0.08,1.0638945591316924
2000,ML,0.08,0.49889514475744506
0,Optimization,0.1,0.770200726975411
1,ML,0.1,4.057605927444179
100,ML,0.1,1.8321876337541703
500,ML,0.1,0.6888744388156147
1200,ML,0.1,0.9625354145227525
2000,ML,0.1,0.44914161297724003
0,Optimization,0.1,0.5358264622120928
1,ML,0.1,5.720034866867518
100,ML,0.1,0.6697008388800804
500,ML,0.1,0.8364290494028283
1200,ML,0.1,0.5233217765354373
2000,ML,0.1,0.3830513121143232
0,Optimization,0.1,0.5943072330513959
1,ML,0.1,1.3494287963271068
100,ML,0.1,1.1182746640074526
500,ML,0.1,0.8018106634159554
1200,ML,0.1,0.4866561678049848
2000,ML,0.1,0.5450410320733658
0,Optimization,0.1,0.8989167804977072
1,ML,0.1,12.125348552473486
100,ML,0.1,1.3978561556781401
500,ML,0.1,0.6524864892440443
1200,ML,0.1,1.602098107425335
2000,ML,0.1,0.5638830312933288
0,Optimization,0.1,0.6201224011480884
1,ML,0.1,11.37183170922675
100,ML,0.1,0.873599613506039
500,ML,0.1,0.8805584073821457
1200,ML,0.1,0.8668062171757736
2000,ML,0.1,0.44824667888271075
0,Optimization,0.1,0.7224905103770836
1,ML,0.1,11.858320205654199
100,ML,0.1,0.7680268910614377
500,ML,0.1,0.7043958070376403
1200,ML,0.1,0.6243542839840232
2000,ML,0.1,0.39365919712341935
0,Optimization,0.1,0.5332358634445606
1,ML,0.1,7.778121645192747
100,ML,0.1,0.7182343034076974
500,ML,0.1,1.5422365933483615
1200,ML,0.1,0.803224204301562
2000,ML,0.1,0.41009101655279595
0,Optimization,0.1,0.652419996157679
1,ML,0.1,2.495996323846925
100,ML,0.1,0.7666052664906245
500,ML,0.1,0.7988830948686849
1200,ML,0.1,0.5031574125630076
2000,ML,0.1,0.6603430250406415
0,Optimization,0.1,0.7349654410487014
1,ML,0.1,3.8337766160761713
100,ML,0.1,2.0347064087064037
500,ML,0.1,1.3847075283621353
1200,ML,0.1,0.5591339885143839
2000,ML,0.1,0.4036800462860197
0,Optimization,0.12,0.6928251105411647
1,ML,0.12,4.408596989456131
100,ML,0.12,0.8340826189798919
500,ML,0.12,0.6866183936113401
1200,ML,0.12,0.5132937512028952
2000,ML,0.12,0.3922580565623818
0,Optimization,0.12,0.8674927955518791
1,ML,0.12,5.035593294528546
100,ML,0.12,0.7730929750933104
500,ML,0.12,0.6008019832023076
1200,ML,0.12,0.83315108488822
2000,ML,0.12,0.4875199701076917
0,Optimization,0.12,1.1565171601394966
1,ML,0.12,2.3765215107048094
100,ML,0.12,1.7999035259345515
500,ML,0.12,1.061574836596742
1200,ML,0.12,1.559826106470678
2000,ML,0.12,0.44039844657109156
0,Optimization,0.12,0.6297191740551595
1,ML,0.12,5.3420737718239035
100,ML,0.12,1.2124372884667358
500,ML,0.12,0.6859057333446572
1200,ML,0.12,0.6875403796736564
2000,ML,0.12,0.5826843351970805
0,Optimization,0.12,1.1714740421776793
1,ML,0.12,1.4049697654608824
100,ML,0.12,0.6446106271807875
500,ML,0.12,0.7569856347919661
1200,ML,0.12,0.6441580960464564
2000,ML,0.12,0.43054917609524473
0,Optimization,0.12,0.9592702880977232
1,ML,0.12,1.2343673978849006
100,ML,0.12,2.1110726541439737
500,ML,0.12,1.2012353368048423
1200,ML,0.12,0.5264149990983268
2000,ML,0.12,0.3769336455979436
0,Optimization,0.12,0.7127544790959675
1,ML,0.12,3.0543517104287226
100,ML,0.12,1.0356649609830657
500,ML,0.12,0.6966464770417353
1200,ML,0.12,0.8561331519782438
2000,ML,0.12,0.5242304392334123
0,Optimization,0.12,0.6205763660686204
1,ML,0.12,7.997133105897392
100,ML,0.12,1.947527229442867
500,ML,0.12,0.6384120824805407
1200,ML,0.12,0.5074087093431376
2000,ML,0.12,0.47984168723958776
0,Optimization,0.12,0.7775774099423163
1,ML,0.12,6.303144357838377
100,ML,0.12,0.7345402018810947
500,ML,0.12,0.6104304451884717
1200,ML,0.12,0.4827200543704507
2000,ML,0.12,0.40972768837295215
0,Optimization,0.14,0.6926867284173865
1,ML,0.14,3.712092042252367
100,ML,0.14,2.4216297283496386
500,ML,0.14,1.754588289727875
1200,ML,0.14,0.6473313449207434
2000,ML,0.14,0.4939540206811331
0,Optimization,0.14,0.701352072067979
1,ML,0.14,5.355278444240806
100,ML,0.14,1.4191404228046902
500,ML,0.14,1.045188408628997
1200,ML,0.14,0.6652187170189107
2000,ML,0.14,0.6987973188218466
0,Optimization,0.14,1.0299335116120905
1,ML,0.14,9.593089954416762
100,ML,0.14,1.6145248809417168
500,ML,0.14,1.1246672077729667
1200,ML,0.14,0.5551754997214372
2000,ML,0.14,0.30431723767546925
0,Optimization,0.14,0.7789754163160278
1,ML,0.14,9.390796146248523
100,ML,0.14,3.186461278304545
500,ML,0.14,1.4388800958354957
1200,ML,0.14,0.5016558257932646
2000,ML,0.14,0.45721704377531974
0,Optimization,0.14,0.8608930930453816
1,ML,0.14,10.130649791030692
100,ML,0.14,0.8100335158846041
500,ML,0.14,1.2250889835568386
1200,ML,0.14,0.879310219753037
2000,ML,0.14,0.5362730149324093
0,Optimization,0.14,0.9766168007356592
1,ML,0.14,2.5145671828552087
100,ML,0.14,1.6951225965611565
500,ML,0.14,0.9280870578907403
1200,ML,0.14,1.4210630502237085
2000,ML,0.14,0.5521271678764351
0,Optimization,0.14,0.9299745556305989
1,ML,0.14,5.76720864971629
100,ML,0.14,0.8502126567018587
500,ML,0.14,1.0430233196943353
1200,ML,0.14,0.5343312209512907
2000,ML,0.14,0.5246251081581842
0,Optimization,0.14,0.8620829468284863
1,ML,0.14,4.170822889694321
100,ML,0.14,1.535074580222659
500,ML,0.14,0.7201997792406123
1200,ML,0.14,0.5911447669700665
2000,ML,0.14,0.488683402446042
0,Optimization,0.14,1.0183732796570202
1,ML,0.14,9.764948258260883
100,ML,0.14,0.6803417118016316
500,ML,0.14,0.6552371015732058
1200,ML,0.14,0.8400138860225286
2000,ML,0.14,0.366304794185614
0,Optimization,0.16,0.8439942443254925
1,ML,0.16,3.552323588271401
100,ML,0.16,0.9461670186584514
500,ML,0.16,1.1535490211738875
1200,ML,0.16,0.4992717379805547
2000,ML,0.16,0.5609159320535896
0,Optimization,0.16,0.9133681678633461
1,ML,0.16,2.4897603910347943
100,ML,0.16,1.241145426386123
500,ML,0.16,1.396948134426337
1200,ML,0.16,0.5305207126534691
2000,ML,0.16,0.647014051591965
0,Optimization,0.16,0.9501880751443974
1,ML,0.16,3.84826472067742
100,ML,0.16,0.8754814265056521
500,ML,0.16,1.1047969009732577
1200,ML,0.16,0.9625210594687541
2000,ML,0.16,0.7425609509674569
0,Optimization,0.16,0.7854054806406362
1,ML,0.16,6.697374202378767
100,ML,0.16,1.575137170568914
500,ML,0.16,0.7806685364794639
1200,ML,0.16,0.7189449261775958
2000,ML,0.16,0.4890115518707208
0,Optimization,0.16,0.8956238549055328
1,ML,0.16,2.811432867130633
100,ML,0.16,0.968785325607834
500,ML,0.16,1.381549342621092
1200,ML,0.16,0.5567135158874332
2000,ML,0.16,0.5518563999237487
0,Optimization,0.16,1.3953139348732078
1,ML,0.16,1.869854402547281
100,ML,0.16,1.467146941518025
500,ML,0.16,0.6333931189294892
1200,ML,0.16,0.5423266020876193
2000,ML,0.16,0.49474999318513674
0,Optimization,0.16,0.9625925816282039
1,ML,0.16,3.2616978484683585
100,ML,0.16,1.0529521223086602
500,ML,0.16,0.7313908534588545
1200,ML,0.16,0.5708915268094575
2000,ML,0.16,0.47415773703103203
0,Optimization,0.16,1.430252629733376
1,ML,0.16,3.1883073767824985
100,ML,0.16,1.3937870673689712
500,ML,0.16,2.77609687540935
1200,ML,0.16,0.5067738683592636
2000,ML,0.16,0.4725293269468151
0,Optimization,0.16,1.3607177893487876
1,ML,0.16,4.630410378056491
100,ML,0.16,0.7443754518607859
500,ML,0.16,1.2870677525937821
1200,ML,0.16,0.5428434235438001
2000,ML,0.16,0.3998732005391722
0,Optimization,0.18,1.638209389835338
1,ML,0.18,2.679215382415222
100,ML,0.18,1.0284443752054586
500,ML,0.18,0.9013238410536653
1200,ML,0.18,0.7068375779076811
2000,ML,0.18,0.49334004946794285
0,Optimization,0.18,1.1903781350513125
1,ML,0.18,10.978694482369594
100,ML,0.18,3.931508609845319
500,ML,0.18,2.4169016395465555
1200,ML,0.18,0.6422716359958474
2000,ML,0.18,0.4916377439932027
0,Optimization,0.18,0.8527659119293329
1,ML,0.18,4.602450689572797
100,ML,0.18,2.2218831137998145
500,ML,0.18,0.9362621264110094
1200,ML,0.18,0.5392721587268529
2000,ML,0.18,0.44350907695984937
0,Optimization,0.18,1.4385151731110741
1,ML,0.18,4.526680703440988
100,ML,0.18,2.135445123025495
500,ML,0.18,0.6813702675479134
1200,ML,0.18,0.587506692413381
2000,ML,0.18,0.6019453512546526
0,Optimization,0.18,0.9665989343053936
1,ML,0.18,8.086014485637143
100,ML,0.18,2.8239995209538122
500,ML,0.18,1.8967729078124784
1200,ML,0.18,0.5923682581910201
2000,ML,0.18,0.6185186108207462
0,Optimization,0.18,2.278774493934849
1,ML,0.18,7.18414432583908
100,ML,0.18,1.431823865125051
500,ML,0.18,1.6522003641342569
1200,ML,0.18,1.248853682488375
2000,ML,0.18,0.4897645047898129
0,Optimization,0.18,1.105601981585673
1,ML,0.18,6.448015616839493
100,ML,0.18,0.8698787061265775
500,ML,0.18,0.7419987150691238
1200,ML,0.18,1.2370464515607666
2000,ML,0.18,0.4430420614647407
0,Optimization,0.18,0.9633182751328953
1,ML,0.18,2.462031793176966
100,ML,0.18,1.0214371703458498
500,ML,0.18,1.5988097448959016
1200,ML,0.18,0.6993243315390658
2000,ML,0.18,0.44279157255509116
0,Optimization,0.18,1.1172809962879588
1,ML,0.18,2.127251910946789
100,ML,0.18,1.2956085161897601
500,ML,0.18,0.8270515783082528
1200,ML,0.18,0.9379513225460399
2000,ML,0.18,0.49597838921445
0,Optimization,0.2,1.0124791042929875
1,ML,0.2,6.574986384682546
100,ML,0.2,3.03178017557502
500,ML,0.2,1.158534725784485
1200,ML,0.2,0.6102476549216399
2000,ML,0.2,0.3587261889534781
0,Optimization,0.2,1.8931982257757358
1,ML,0.2,9.713022052918864
100,ML,0.2,0.8699009820265126
500,ML,0.2,1.1484607111504403
1200,ML,0.2,0.6550894228138773
2000,ML,0.2,0.4696214869491851
0,Optimization,0.2,1.5699150346983175
1,ML,0.2,3.703313331644306
100,ML,0.2,1.0045936360009635
500,ML,0.2,1.2725239945862854
1200,ML,0.2,0.5553048504921081
2000,ML,0.2,0.48340314234782344
0,Optimization,0.2,1.1040598244515198
1,ML,0.2,7.8998693146148025
100,ML,0.2,0.9284857089540433
500,ML,0.2,1.04931943935962
1200,ML,0.2,0.5696491384151724
2000,ML,0.2,0.4682785112748123
0,Optimization,0.2,1.414569219725987
1,ML,0.2,9.762575536316415
100,ML,0.2,1.9568340028661781
500,ML,0.2,1.1867774939509785
1200,ML,0.2,0.5425375585997241
2000,ML,0.2,0.3299258273067426
0,Optimization,0.2,2.283914869813728
1,ML,0.2,3.863927722478702
100,ML,0.2,1.3904266089994965
500,ML,0.2,0.607801868572029
1200,ML,0.2,0.7064113676262127
2000,ML,0.2,0.46769695057484456
0,Optimization,0.2,1.2803623952477698
1,ML,0.2,10.519197747617481
100,ML,0.2,2.084078478754119
500,ML,0.2,0.5855927749950545
1200,ML,0.2,0.7492185002289597
2000,ML,0.2,0.4512255564551949
0,Optimization,0.2,1.1404920026175343
1,ML,0.2,2.924393601535442
100,ML,0.2,0.8597317696521984
500,ML,0.2,0.7174141827223767
1200,ML,0.2,0.6312067772596407
2000,ML,0.2,0.5136209651685756
0,Optimization,0.2,2.121100649644305
1,ML,0.2,9.207715522481681
100,ML,0.2,2.026499198728458
500,ML,0.2,0.8340985403550841
1200,ML,0.2,1.4046280908283553
2000,ML,0.2,0.5023542236598282
0,Optimization,0.22,1.4406444475417282
1,ML,0.22,2.7773773357574156
100,ML,0.22,2.0666972590478823
500,ML,0.22,0.973505721688907
1200,ML,0.22,0.8084300283049961
2000,ML,0.22,0.45926548387870186
0,Optimization,0.22,1.928242378524113
1,ML,0.22,3.5233304309646636
100,ML,0.22,1.8459914873403864
500,ML,0.22,0.9733570266979121
1200,ML,0.22,0.5599225552077624
2000,ML,0.22,0.5398834940275805
0,Optimization,0.22,1.8826590275628576
1,ML,0.22,7.783694119680172
100,ML,0.22,1.7951509327723922
500,ML,0.22,0.7025129270118566
1200,ML,0.22,0.6785555900053672
2000,ML,0.22,0.6313026384873057
0,Optimization,0.22,1.5177693919347552
1,ML,0.22,5.873189692880749
100,ML,0.22,2.655331595914193
500,ML,0.22,0.9635694945076162
1200,ML,0.22,0.6816276120526629
2000,ML,0.22,0.5817037201888232
0,Optimization,0.22,1.778421983923249
1,ML,0.22,2.327815491725583
100,ML,0.22,3.0930131611123146
500,ML,0.22,1.0504545478069742
1200,ML,0.22,0.5590949167022545
2000,ML,0.22,0.6880421761366884
0,Optimization,0.22,2.41040599721674
1,ML,0.22,4.296360250329509
100,ML,0.22,1.158199411910871
500,ML,0.22,1.797789941916637
1200,ML,0.22,0.741337256553408
2000,ML,0.22,0.5815871870014961
0,Optimization,0.22,3.085602981745385
1,ML,0.22,2.3143189245478886
100,ML,0.22,1.8286327683059356
500,ML,0.22,1.2235159347078826
1200,ML,0.22,1.0544282323422527
2000,ML,0.22,0.4006733136906295
0,Optimization,0.22,1.5841589595606558
1,ML,0.22,4.8306456122960935
100,ML,0.22,2.6555133815076513
500,ML,0.22,0.7045127199044842
1200,ML,0.22,0.7167597796297939
2000,ML,0.22,0.5668355636660778
0,Optimization,0.22,1.2754548685390061
1,ML,0.22,9.631783453982639
100,ML,0.22,1.8318213123844131
500,ML,0.22,2.1029399020071367
1200,ML,0.22,0.9639824963018113
2000,ML,0.22,0.5554920506688013
0,Optimization,0.24,1.6304821025385436
1,ML,0.24,4.053706048002584
100,ML,0.24,0.8807569366898026
500,ML,0.24,0.9923181309977305
1200,ML,0.24,0.96132635843059
2000,ML,0.24,0.6476357511530773
0,Optimization,0.24,1.6938767985154715
1,ML,0.24,4.0268220028871
100,ML,0.24,1.594702641546257
500,ML,0.24,0.8097688749871377
1200,ML,0.24,0.6541018977554791
2000,ML,0.24,0.31256157428747
0,Optimization,0.24,1.6760151225741757
1,ML,0.24,7.220066176394732
100,ML,0.24,2.5791249147714606
500,ML,0.24,0.9197364209796572
1200,ML,0.24,0.8302700730193293
2000,ML,0.24,0.4988051009702094
0,Optimization,0.24,2.310461920558226
1,ML,0.24,4.824763473006981
100,ML,0.24,1.819873797588334
500,ML,0.24,0.9302721408154515
1200,ML,0.24,0.6884758897024849
2000,ML,0.24,0.7243679055404015
0,Optimization,0.24,2.145801313011575
1,ML,0.24,10.207895116619163
100,ML,0.24,1.1684754881799746
500,ML,0.24,0.9432331730813459
1200,ML,0.24,0.6647838307794696
2000,ML,0.24,0.6775143842037353
0,Optimization,0.24,3.3858663563713787
1,ML,0.24,3.4413682183129253
100,ML,0.24,2.86877925582185
500,ML,0.24,0.9741936793966179
1200,ML,0.24,0.9097581302056144
2000,ML,0.24,0.36028625877103326
0,Optimization,0.24,1.4648292105064586
1,ML,0.24,5.57727966187784
100,ML,0.24,1.008253607532768
500,ML,0.24,1.8147119896010928
1200,ML,0.24,0.8173077194570181
2000,ML,0.24,0.5296523631137063
0,Optimization,0.24,1.5725542854583057
1,ML,0.24,6.414135758357548
100,ML,0.24,1.7051424224862841
500,ML,0.24,0.684786997892574
1200,ML,0.24,0.7387699489383014
2000,ML,0.24,0.5182448515750875
0,Optimization,0.24,2.517277181008227
1,ML,0.24,2.835637346076873
100,ML,0.24,1.2995212290697555
500,ML,0.24,0.75886629821512
1200,ML,0.24,0.603827464463053
2000,ML,0.24,0.35605385052102667
0,Optimization,0.26,1.7115757166552554
1,ML,0.26,4.372593451052641
100,ML,0.26,2.298658832286618
500,ML,0.26,0.645092376216193
1200,ML,0.26,0.9558106350016171
2000,ML,0.26,0.534616996546106
0,Optimization,0.26,2.344774378636074
1,ML,0.26,4.2198066880963925
100,ML,0.26,1.0351349790160282
500,ML,0.26,0.9455470141791797
1200,ML,0.26,0.6517765491830396
2000,ML,0.26,0.24702414680026252
0,Optimization,0.26,2.8547966485669933
1,ML,0.26,8.519964495157193
100,ML,0.26,3.373480066567415
500,ML,0.26,1.345746342599719
1200,ML,0.26,0.6658902263645242
2000,ML,0.26,0.8128656262275579
0,Optimization,0.26,2.2864179521918424
1,ML,0.26,20.56162138479384
100,ML,0.26,1.11383998603042
500,ML,0.26,0.6748898593801173
1200,ML,0.26,1.1302381730982571
2000,ML,0.26,0.5612420182902984
0,Optimization,0.26,1.9146415828467978
1,ML,0.26,4.5828653549374465
100,ML,0.26,1.1216082610714817
500,ML,0.26,0.7592821854615686
1200,ML,0.26,0.6816696555510483
2000,ML,0.26,0.5056284856503369
0,Optimization,0.26,1.7846283048919558
1,ML,0.26,3.251691606023699
100,ML,0.26,0.9356857491801467
500,ML,0.26,1.0603120029755895
1200,ML,0.26,0.5750370395277993
2000,ML,0.26,0.7889654782239757
0,Optimization,0.26,1.9114440926471636
1,ML,0.26,5.182131021528056
100,ML,0.26,1.435062420133332
500,ML,0.26,0.8166052716844605
1200,ML,0.26,0.6042759075866536
2000,ML,0.26,0.6091839979342429
0,Optimization,0.26,3.2691990098682497
1,ML,0.26,14.77964690566514
100,ML,0.26,2.2635154826107553
500,ML,0.26,0.981215658059331
1200,ML,0.26,0.8932972560025098
2000,ML,0.26,0.6326900846955155
0,Optimization,0.26,3.7387328157272854
1,ML,0.26,4.2792104742508865
100,ML,0.26,0.9020880952278365
500,ML,0.26,1.118511604842652
1200,ML,0.26,0.5696368902415689
2000,ML,0.26,0.37873313016252685
0,Optimization,0.28,2.2905636685262545
1,ML,0.28,5.052340326188988
100,ML,0.28,1.3351120416775144
500,ML,0.28,1.954160209029405
1200,ML,0.28,0.6297690953492874
2000,ML,0.28,0.47133759918132134
0,Optimization,0.28,2.7197757851445004
1,ML,0.28,6.8679394987768365
100,ML,0.28,1.0220189926962437
500,ML,0.28,0.7199716867902612
1200,ML,0.28,0.7065471385963213
2000,ML,0.28,0.5036634497958572
0,Optimization,0.28,2.007404982430804
1,ML,0.28,3.397517314604922
100,ML,0.28,1.6207566440827517
500,ML,0.28,1.2216443005966982
1200,ML,0.28,0.7205633636660368
2000,ML,0.28,0.5195631116817658
0,Optimization,0.28,3.708647394010211
1,ML,0.28,5.685674784100662
100,ML,0.28,1.719922106442334
500,ML,0.28,0.6845442335169928
1200,ML,0.28,0.9658470332244327
2000,ML,0.28,0.7596680096156266
0,Optimization,0.28,3.039911907831019
1,ML,0.28,3.78719870358594
100,ML,0.28,1.2537610472309417
500,ML,0.28,0.7398711694179594
1200,ML,0.28,0.7625621297966725
2000,ML,0.28,0.5759025303313697
0,Optimization,0.28,4.539330402072576
1,ML,0.28,7.529410946799553
100,ML,0.28,0.9668393488136727
500,ML,0.28,1.489339453465971
1200,ML,0.28,0.6911118642515381
2000,ML,0.28,0.48120747461774593
0,Optimization,0.28,2.4201989207259516
1,ML,0.28,7.328982621636398
100,ML,0.28,0.9641630554097305
500,ML,0.28,1.8064477455262282
1200,ML,0.28,0.5653313344383268
2000,ML,0.28,0.6102738686754846
0,Optimization,0.28,2.3701443347525584
1,ML,0.28,5.401570864970996
100,ML,0.28,1.420226038678937
500,ML,0.28,0.843046215471544
1200,ML,0.28,0.7669678925646339
2000,ML,0.28,0.29452980301996734
0,Optimization,0.28,2.54357949839878
1,ML,0.28,3.6384766414017653
100,ML,0.28,1.1566077436657474
500,ML,0.28,0.8973922742415087
1200,ML,0.28,1.076096336046251
2000,ML,0.28,0.6489161990882519
0,Optimization,0.3,2.430428130393488
1,ML,0.3,17.25466700557918
100,ML,0.3,1.6674456208470838
500,ML,0.3,0.7834968190598014
1200,ML,0.3,1.2800889339527215
2000,ML,0.3,0.49152020233613425
0,Optimization,0.3,2.977725950716189
1,ML,0.3,10.213704611929465
100,ML,0.3,2.3072245055515204
500,ML,0.3,1.812071381442046
1200,ML,0.3,0.7508617175567202
2000,ML,0.3,0.5287265174872868
0,Optimization,0.3,2.532653751379484
1,ML,0.3,5.811043821030195
100,ML,0.3,1.2951824441652178
500,ML,0.3,1.3717970297584692
1200,ML,0.3,0.8775771936372093
2000,ML,0.3,0.7847565483020063
0,Optimization,0.3,3.6948016302219067
1,ML,0.3,8.106608533294118
100,ML,0.3,1.0461096425395249
500,ML,0.3,2.0131347243188085
1200,ML,0.3,1.0890738995111933
2000,ML,0.3,0.5438766887181034
0,Optimization,0.3,4.433340193675996
1,ML,0.3,5.530862676148107
100,ML,0.3,1.1296462534201586
500,ML,0.3,1.2578503838876238
1200,ML,0.3,0.7621378713972456
2000,ML,0.3,0.3935204812710327
0,Optimization,0.3,3.8214744703143024
1,ML,0.3,14.472440817620308
100,ML,0.3,1.2767048912274612
500,ML,0.3,0.8168790461485727
1200,ML,0.3,0.9598008497445022
2000,ML,0.3,0.5728724202392689
0,Optimization,0.3,3.6851826540273653
1,ML,0.3,5.56883194362932
100,ML,0.3,2.0172344788664027
500,ML,0.3,0.8094822982474095
1200,ML,0.3,1.100839921360248
2000,ML,0.3,0.5103094927983145
0,Optimization,0.3,2.8610729233035546
1,ML,0.3,4.396914920012642
100,ML,0.3,3.443424905589035
500,ML,0.3,1.0338495244677988
1200,ML,0.3,0.6001293552857458
2000,ML,0.3,0.6139880588504701
0,Optimization,0.3,4.7445058947164345
1,ML,0.3,5.2089944626896205
100,ML,0.3,2.0066617514262117
500,ML,0.3,1.5955139263848155
1200,ML,0.3,1.3750767633346968
2000,ML,0.3,0.6335653009927917
0,Optimization,0.32,3.8789597297522835
1,ML,0.32,5.1864016257248515
100,ML,0.32,2.7677142507367707
500,ML,0.32,1.1052904156231467
1200,ML,0.32,0.6943542927645636
2000,ML,0.32,0.4917596286003055
0,Optimization,0.32,3.133359073471319
1,ML,0.32,6.502395704937532
100,ML,0.32,4.556889652025597
500,ML,0.32,1.310437580059786
1200,ML,0.32,0.6306663929977269
2000,ML,0.32,0.7042237015093177
0,Optimization,0.32,2.916133742196971
1,ML,0.32,20.982392439217715
100,ML,0.32,2.998996037859201
500,ML,0.32,1.2842231336065786
1200,ML,0.32,0.8340200309702119
2000,ML,0.32,0.5208603317855931
0,Optimization,0.32,4.151458033287735
1,ML,0.32,8.109545911614601
100,ML,0.32,2.155045925600117
500,ML,0.32,0.7404631834831565
1200,ML,0.32,1.9045698404094973
2000,ML,0.32,0.5094917479142614
0,Optimization,0.32,4.031550321521278
1,ML,0.32,15.605475941722183
100,ML,0.32,1.004296887087564
500,ML,0.32,1.0013017140186677
1200,ML,0.32,0.7082385839544794
2000,ML,0.32,0.6066485837656258
0,Optimization,0.32,3.5225566819788297
1,ML,0.32,4.093935806226555
100,ML,0.32,1.130282127009486
500,ML,0.32,1.0689196989555487
1200,ML,0.32,0.758651293968633
2000,ML,0.32,0.38235148427090365
0,Optimization,0.32,5.074823831310559
1,ML,0.32,6.938904902536482
100,ML,0.32,2.701265223255889
500,ML,0.32,1.8820219957943463
1200,ML,0.32,0.6882954298835904
2000,ML,0.32,0.6696939561268274
0,Optimization,0.32,4.423795005027428
1,ML,0.32,10.4816717330266
100,ML,0.32,3.289243055896725
500,ML,0.32,1.4393443179944359
1200,ML,0.32,0.5872005840765033
2000,ML,0.32,0.455543727621693
0,Optimization,0.32,3.950633348294937
1,ML,0.32,5.204289724496072
100,ML,0.32,1.698066598562658
500,ML,0.32,1.5231316152023298
1200,ML,0.32,0.8134012742963386
2000,ML,0.32,0.5537384408678017
0,Optimization,0.34,4.968364876210246
1,ML,0.34,4.604970741838272
100,ML,0.34,4.994556245180554
500,ML,0.34,0.8062098398186939
1200,ML,0.34,0.7374090930102786
2000,ML,0.34,0.6121672073520176
0,Optimization,0.34,3.739988214782699
1,ML,0.34,7.329804486267473
100,ML,0.34,9.952833463747378
500,ML,0.34,1.902367687969389
1200,ML,0.34,0.6768682095166139
2000,ML,0.34,0.6525548395680395
0,Optimization,0.34,3.305769646409098
1,ML,0.34,6.675039181433078
100,ML,0.34,1.446124225606428
500,ML,0.34,1.2574072172106345
1200,ML,0.34,0.6527722961631072
2000,ML,0.34,0.7432206817437669
0,Optimization,0.34,3.992758440791766
1,ML,0.34,7.947683504355659
100,ML,0.34,1.8829857835717674
500,ML,0.34,0.7132508510851707
1200,ML,0.34,0.6862242228178287
2000,ML,0.34,0.5726680569068558
0,Optimization,0.34,4.5773094353445725
1,ML,0.34,9.463656935058546
100,ML,0.34,2.9840866745971932
500,ML,0.34,1.1283305346276644
1200,ML,0.34,1.1719090219154293
2000,ML,0.34,0.6028745278932431
0,Optimization,0.34,6.005131310870742
1,ML,0.34,7.407046911780537
100,ML,0.34,3.2070408154870753
500,ML,0.34,1.1065164903952749
1200,ML,0.34,0.7087267371024057
2000,ML,0.34,0.7597588700056043
0,Optimization,0.34,4.079916831133521
1,ML,0.34,7.317263582205381
100,ML,0.34,4.615653395285935
500,ML,0.34,0.8159832698748953
1200,ML,0.34,0.8057618357708858
2000,ML,0.34,0.639182968697386
0,Optimization,0.34,5.459601936843093
1,ML,0.34,5.054782590184488
100,ML,0.34,1.9983563762098073
500,ML,0.34,1.0692841935124537
1200,ML,0.34,0.7615170449761428
2000,ML,0.34,0.45854096202539274
0,Optimization,0.34,10.086402691789367
1,ML,0.34,6.42303981155619
100,ML,0.34,1.9150675718182846
500,ML,0.34,1.1618372607498815
1200,ML,0.34,0.7735163971853876
2000,ML,0.34,0.7368184873901792
0,Optimization,0.36,7.178424630487683
1,ML,0.36,11.148937019952912
100,ML,0.36,1.7371843878478082
500,ML,0.36,1.2290934158913083
1200,ML,0.36,0.9465790001448804
2000,ML,0.36,0.5677291067576222
0,Optimization,0.36,6.40965189764722
1,ML,0.36,25.021144756585347
100,ML,0.36,1.8074724923536443
500,ML,0.36,1.1265606487788613
1200,ML,0.36,0.7863835755036532
2000,ML,0.36,0.5862673311092433
0,Optimization,0.36,4.957114309350931
1,ML,0.36,11.921578343972158
100,ML,0.36,2.922198337650869
500,ML,0.36,0.8560594391106862
1200,ML,0.36,0.6358624151673427
2000,ML,0.36,0.5756417614366368
0,Optimization,0.36,6.227359441110872
1,ML,0.36,8.323445254668233
100,ML,0.36,1.8690827684476097
500,ML,0.36,1.4744752999842696
1200,ML,0.36,0.9158853022014365
2000,ML,0.36,0.641502909374572
0,Optimization,0.36,7.5016804289868215
1,ML,0.36,8.480354717460646
100,ML,0.36,4.327220874368369
500,ML,0.36,0.8131309458562002
1200,ML,0.36,0.8466660489537481
2000,ML,0.36,0.6969204912615817
0,Optimization,0.36,5.381482799872331
1,ML,0.36,8.84042361076553
100,ML,0.36,1.7213034065935724
500,ML,0.36,0.777862704929759
1200,ML,0.36,1.516602259638521
2000,ML,0.36,0.6963188826285965
0,Optimization,0.36,4.963561859070037
1,ML,0.36,5.497990242039386
100,ML,0.36,2.08084868946456
500,ML,0.36,1.4564800613460347
1200,ML,0.36,1.020669325643842
2000,ML,0.36,0.5542667179271986
0,Optimization,0.36,5.395114069840171
1,ML,0.36,5.675195085589574
100,ML,0.36,5.882550528805058
500,ML,0.36,1.191456405965552
1200,ML,0.36,0.7255318156795523
2000,ML,0.36,0.677538985883369
0,Optimization,0.36,3.915941000683811
1,ML,0.36,9.801455627880138
100,ML,0.36,1.0842441902877635
500,ML,0.36,1.0113333152720663
1200,ML,0.36,0.6168470204576054
2000,ML,0.36,0.5971066978120706
0,Optimization,0.38,5.3228992821187004
1,ML,0.38,9.962631739267536
100,ML,0.38,3.212568599902836
500,ML,0.38,2.379742031379443
1200,ML,0.38,0.932728994224812
2000,ML,0.38,0.5656297339166624
0,Optimization,0.38,7.998865834040435
1,ML,0.38,7.775774600794769
100,ML,0.38,1.7605209098967096
500,ML,0.38,1.8859444899237685
1200,ML,0.38,1.0157407064625068
2000,ML,0.38,0.5850203754416231
0,Optimization,0.38,4.800633495427813
1,ML,0.38,7.3386162764321465
100,ML,0.38,6.114654865520894
500,ML,0.38,1.7912933125845907
1200,ML,0.38,0.7948876259049548
2000,ML,0.38,0.7511007281102465
0,Optimization,0.38,6.674942167724664
1,ML,0.38,10.15524652057059
100,ML,0.38,1.8690431571382322
500,ML,0.38,1.023001808232779
1200,ML,0.38,1.084973046468445
2000,ML,0.38,0.6074097235133433
0,Optimization,0.38,11.344336698290846
1,ML,0.38,7.397363372050004
100,ML,0.38,2.5134498249120854
500,ML,0.38,1.6629785939293935
1200,ML,0.38,0.6593003328589706
2000,ML,0.38,0.5117733883222942
0,Optimization,0.38,9.085627006088323
1,ML,0.38,19.73212448096101
100,ML,0.38,1.4197147914633401
500,ML,0.38,1.0843876193634918
1200,ML,0.38,0.7680266353532555
2000,ML,0.38,0.8406259638839506
0,Optimization,0.38,5.871132643151831
1,ML,0.38,17.90722604727099
100,ML,0.38,2.1105181583752146
500,ML,0.38,2.394028047625082
1200,ML,0.38,0.8044552153392561
2000,ML,0.38,0.7644523078026102
0,Optimization,0.38,7.771052445467861
1,ML,0.38,14.615818341820903
100,ML,0.38,7.9721211387839945
500,ML,0.38,0.7869646567050526
1200,ML,0.38,0.9214145854399419
2000,ML,0.38,0.369371987488733
0,Optimization,0.38,6.374360800980176
1,ML,0.38,11.17708983016103
100,ML,0.38,2.3088768959494437
500,ML,0.38,1.2299777106349825
1200,ML,0.38,0.8489061999175758
2000,ML,0.38,0.5262398163232131
0,Optimization,0.4,9.860185681195066
1,ML,0.4,21.745470225327857
100,ML,0.4,3.186819527960405
500,ML,0.4,0.8228084711532377
1200,ML,0.4,0.7345405650368719
2000,ML,0.4,0.44526567469300027
0,Optimization,0.4,10.411287929726717
1,ML,0.4,7.983283019165076
100,ML,0.4,2.818500046127651
500,ML,0.4,1.7490078220463152
1200,ML,0.4,0.6825191065789155
2000,ML,0.4,0.6531186637928219
0,Optimization,0.4,5.508976178277345
1,ML,0.4,7.375893977203001
100,ML,0.4,3.644888187925261
500,ML,0.4,0.8686340755602733
1200,ML,0.4,1.070753625362526
2000,ML,0.4,0.5931183847250091
0,Optimization,0.4,6.352245884412243
1,ML,0.4,7.699246094057999
100,ML,0.4,4.858138062871365
500,ML,0.4,1.566017522897945
1200,ML,0.4,1.0185838238487528
2000,ML,0.4,0.6302274474817149
0,Optimization,0.4,7.351648297576281
1,ML,0.4,6.489166766868053
100,ML,0.4,1.7030915394860322
500,ML,0.4,0.8194619437987564
1200,ML,0.4,0.8504474131483741
2000,ML,0.4,0.5886082748276883
0,Optimization,0.4,5.260393436236242
1,ML,0.4,14.434774918021681
100,ML,0.4,3.423153774327674
500,ML,0.4,1.5533495997774989
1200,ML,0.4,0.782302881836669
2000,ML,0.4,0.6943983195911425
0,Optimization,0.4,6.865908909887789
1,ML,0.4,7.52751844338514
100,ML,0.4,3.9801695639208425
500,ML,0.4,1.0154773193353817
1200,ML,0.4,0.8069799054318099
2000,ML,0.4,0.5022721505514651
0,Optimization,0.4,5.972064420583494
1,ML,0.4,15.762815358442833
100,ML,0.4,9.522848944814392
500,ML,0.4,1.3564643891519235
1200,ML,0.4,0.7084945713369399
2000,ML,0.4,0.8114424446219523
0,Optimization,0.4,5.128890897663568
1,ML,0.4,9.524342247034845
100,ML,0.4,5.687244859949152
500,ML,0.4,1.361010695238747
1200,ML,0.4,0.7608821100203935
2000,ML,0.4,0.5943180055764675
0,Optimization,0.42,6.438250465713869
1,ML,0.42,14.216503122430092
100,ML,0.42,7.063597978882074
500,ML,0.42,1.418865584965739
1200,ML,0.42,1.3495071997416703
2000,ML,0.42,0.6180527735502279
0,Optimization,0.42,8.45045034937489
1,ML,0.42,11.71769390610633
100,ML,0.42,1.9029025028108542
500,ML,0.42,0.7885673347462832
1200,ML,0.42,0.7811561173239445
2000,ML,0.42,0.5643878921110048
0,Optimization,0.42,7.623728324359477
1,ML,0.42,9.102515401340959
100,ML,0.42,4.502260541302069
500,ML,0.42,1.3536742064952656
1200,ML,0.42,0.7030865911939518
2000,ML,0.42,0.4399493531438292
0,Optimization,0.42,6.142106304297322
1,ML,0.42,13.008744613406112
100,ML,0.42,3.6912409632882284
500,ML,0.42,0.8721807903463894
1200,ML,0.42,0.8675569029068526
2000,ML,0.42,0.587227498103079
0,Optimization,0.42,11.142286306039463
1,ML,0.42,9.503221623872676
100,ML,0.42,2.6764235744948155
500,ML,0.42,0.9538426804501234
1200,ML,0.42,0.7054559233389104
2000,ML,0.42,0.6963395126494313
0,Optimization,0.42,15.370934603702429
1,ML,0.42,10.629967749770952
100,ML,0.42,2.5670100179083972
500,ML,0.42,1.0838004997538158
1200,ML,0.42,0.9090077748276773
2000,ML,0.42,0.5315067911511734
0,Optimization,0.42,5.979756773190687
1,ML,0.42,8.377618821080317
100,ML,0.42,2.9013503508080314
500,ML,0.42,0.9270868045204085
1200,ML,0.42,0.757024311511734
2000,ML,0.42,0.662787376558132
0,Optimization,0.42,8.24732910569389
1,ML,0.42,9.18944273452743
100,ML,0.42,2.445516062568142
500,ML,0.42,1.3583991587053565
1200,ML,0.42,0.8506615138820967
2000,ML,0.42,0.590774258737589
0,Optimization,0.42,7.442091517953306
1,ML,0.42,13.24099869112664
100,ML,0.42,8.247587614002217
500,ML,0.42,1.0833991320569625
1200,ML,0.42,1.2042101226822215
2000,ML,0.42,0.42445397553783365
0,Optimization,0.44,10.716984267819644
1,ML,0.44,14.95906882880103
100,ML,0.44,7.569724876997698
500,ML,0.44,0.9811705280492643
1200,ML,0.44,1.9241662401022788
2000,ML,0.44,0.572577769008329
0,Optimization,0.44,7.999196359618448
1,ML,0.44,12.764545065250601
100,ML,0.44,6.614134332196601
500,ML,0.44,0.8679172371401043
1200,ML,0.44,1.00305620058013
2000,ML,0.44,0.6810105484545842
0,Optimization,0.44,7.921680922149654
1,ML,0.44,10.536121833120955
100,ML,0.44,5.7640346237559115
500,ML,0.44,1.193686312216459
1200,ML,0.44,0.8659072621078071
2000,ML,0.44,0.6441783234649694
0,Optimization,0.44,8.471612300937034
1,ML,0.44,14.482338485549484
100,ML,0.44,3.4551466892307996
500,ML,0.44,1.0879029448764315
1200,ML,0.44,1.3895929663810676
2000,ML,0.44,0.2640605346375671
0,Optimization,0.44,7.644537387794221
1,ML,0.44,17.639238204563846
100,ML,0.44,4.0281094830135205
500,ML,0.44,2.094332146976817
1200,ML,0.44,0.869709957212125
2000,ML,0.44,0.5236586732367388
0,Optimization,0.44,8.253458290653917
1,ML,0.44,11.21030443331826
100,ML,0.44,1.9440162338438487
500,ML,0.44,1.0137549835685356
1200,ML,0.44,2.1767498153739666
2000,ML,0.44,0.7756463934430413
0,Optimization,0.44,11.488528829641972
1,ML,0.44,27.422012843911226
100,ML,0.44,5.078088974014525
500,ML,0.44,1.1859038007982534
1200,ML,0.44,1.0800207721805282
2000,ML,0.44,0.5236574947780821
0,Optimization,0.44,7.247293303787244
1,ML,0.44,9.563720959288474
100,ML,0.44,3.256714345920432
500,ML,0.44,1.894954109584227
1200,ML,0.44,1.2523154707783868
2000,ML,0.44,0.6632455830831456
0,Optimization,0.44,16.485867839003912
1,ML,0.44,12.8652822937823
100,ML,0.44,2.0198062563820036
500,ML,0.44,1.9568172039729794
1200,ML,0.44,0.7874139321889189
2000,ML,0.44,0.1962216561606877
0,Optimization,0.46,10.984034883364638
1,ML,0.46,13.570352926094854
100,ML,0.46,3.637415650288529
500,ML,0.46,2.145208220252801
1200,ML,0.46,1.007502936196407
2000,ML,0.46,0.46474545438524206
0,Optimization,0.46,7.599994183980685
1,ML,0.46,11.432587329040738
100,ML,0.46,3.0548492862199748
500,ML,0.46,1.491346259364204
1200,ML,0.46,0.681014972359215
2000,ML,0.46,0.805642371927966
0,Optimization,0.46,15.172765504918418
1,ML,0.46,24.753071271904922
100,ML,0.46,2.5852722584574552
500,ML,0.46,1.080954461348611
1200,ML,0.46,0.8118197994078922
2000,ML,0.46,0.6516813514051022
0,Optimization,0.46,7.783349898267512
1,ML,0.46,23.417349824705784
100,ML,0.46,4.982216440167394
500,ML,0.46,1.0641832224293617
1200,ML,0.46,0.8290886641991495
2000,ML,0.46,0.4667860633710475
0,Optimization,0.46,14.086124551761213
1,ML,0.46,10.096343160451136
100,ML,0.46,3.153041002790315
500,ML,0.46,0.8682616632005616
1200,ML,0.46,0.7119897135844836
2000,ML,0.46,0.7220352134707163
0,Optimization,0.46,10.813429140009244
1,ML,0.46,11.558492778395042
100,ML,0.46,4.5055258809006915
500,ML,0.46,0.9953132501211981
1200,ML,0.46,0.7515147087556335
2000,ML,0.46,0.6445395298575229
0,Optimization,0.46,8.446267611051729
1,ML,0.46,17.028094938810803
100,ML,0.46,2.4663883147946364
500,ML,0.46,1.1321774636892685
1200,ML,0.46,0.7762261635661591
2000,ML,0.46,0.6426900393553739
0,Optimization,0.46,8.928100503456719
1,ML,0.46,12.831417234294376
100,ML,0.46,7.179642144016591
500,ML,0.46,2.119027896410207
1200,ML,0.46,0.769862011843371
2000,ML,0.46,0.6457576918733121
0,Optimization,0.46,8.219214684950517
1,ML,0.46,15.240264566109618
100,ML,0.46,11.666648223515892
500,ML,0.46,1.6125140403161486
1200,ML,0.46,0.7526795772162624
2000,ML,0.46,0.628705574387731
0,Optimization,0.48,11.461609396818178
1,ML,0.48,19.743519985176
100,ML,0.48,6.0847827013779145
500,ML,0.48,1.5596188338368266
1200,ML,0.48,1.0390364533777736
2000,ML,0.48,0.5400602629780518
0,Optimization,0.48,9.896291698781976
1,ML,0.48,16.663138677522937
100,ML,0.48,4.270405106947308
500,ML,0.48,1.2585609926631687
1200,ML,0.48,1.1475993743472659
2000,ML,0.48,0.511190230799905
0,Optimization,0.48,9.318494462290092
1,ML,0.48,11.423511196171274
100,ML,0.48,5.084777590148965
500,ML,0.48,1.5617978932673706
1200,ML,0.48,0.7032915704868589
2000,ML,0.48,0.6945387660188798
0,Optimization,0.48,8.875435738428271
1,ML,0.48,19.330174077741965
100,ML,0.48,3.00769546993293
500,ML,0.48,1.5436437414333826
1200,ML,0.48,0.8024429228090938
2000,ML,0.48,0.7951805497660955
0,Optimization,0.48,13.194568665062032
1,ML,0.48,10.894288612541557
100,ML,0.48,7.056058066657666
500,ML,0.48,1.0285788286089574
1200,ML,0.48,0.8914071772344399
2000,ML,0.48,0.5161479614792136
0,Optimization,0.48,10.00183002535884
1,ML,0.48,26.169313979431895
100,ML,0.48,3.3964332612412043
500,ML,0.48,1.82492260826137
1200,ML,0.48,0.9030059999869695
2000,ML,0.48,0.4849426220737028
0,Optimization,0.48,14.010302163412751
1,ML,0.48,22.148642746944
100,ML,0.48,8.837265760495262
500,ML,0.48,1.0433726173297426
1200,ML,0.48,0.9665571718342971
2000,ML,0.48,0.5871165604493016
0,Optimization,0.48,9.047546547601282
1,ML,0.48,14.086906196258052
100,ML,0.48,10.494031084362899
500,ML,0.48,1.5129283376986669
1200,ML,0.48,1.1708003977199066
2000,ML,0.48,0.7427780980066757
0,Optimization,0.48,11.47714728523287
1,ML,0.48,12.81010342221482
100,ML,0.48,8.539036110149853
500,ML,0.48,0.8596506440689302
1200,ML,0.48,0.7480880289527883
2000,ML,0.48,0.7637328397320872
0,Optimization,0.5,12.160650239783541
1,ML,0.5,15.627205441318337
100,ML,0.5,3.1033834080114557
500,ML,0.5,1.5591994245630723
1200,ML,0.5,0.8461771626558885
2000,ML,0.5,0.27071943514948793
0,Optimization,0.5,10.530351518684638
1,ML,0.5,27.771795121803393
100,ML,0.5,7.909229708267331
500,ML,0.5,1.0345147530672822
1200,ML,0.5,1.40525625182941
2000,ML,0.5,0.46180523528862794
0,Optimization,0.5,11.437242710196099
1,ML,0.5,18.816402843685605
100,ML,0.5,4.384400368714222
500,ML,0.5,1.2865001333488133
1200,ML,0.5,0.8218269107909322
2000,ML,0.5,0.5766013701350865
0,Optimization,0.5,11.255436906323302
1,ML,0.5,15.34018646140742
100,ML,0.5,6.3070616304271105
500,ML,0.5,1.7497003719941087
1200,ML,0.5,1.2406110999436426
2000,ML,0.5,0.8316974091247178
0,Optimization,0.5,9.971631112602331
1,ML,0.5,13.721582150505391
100,ML,0.5,6.309426426069435
500,ML,0.5,1.2478429585575759
1200,ML,0.5,1.01799016286206
2000,ML,0.5,0.6852525450840595
0,Optimization,0.5,9.467506923794888
1,ML,0.5,18.6080873898092
100,ML,0.5,4.079086741579858
500,ML,0.5,1.8373157918800795
1200,ML,0.5,0.7144127516506513
2000,ML,0.5,0.8688051760380339
0,Optimization,0.5,13.236952966346339
1,ML,0.5,16.68803268043839
100,ML,0.5,4.0042315606587175
500,ML,0.5,1.0736814213172488
1200,ML,0.5,0.9430793549263923
2000,ML,0.5,0.9229552474379887
0,Optimization,0.5,9.801417694806128
1,ML,0.5,13.631945421784785
100,ML,0.5,5.707246238424828
500,ML,0.5,2.4150160360552704
1200,ML,0.5,0.7736557388883281
2000,ML,0.5,0.6523930992562855
0,Optimization,0.5,9.631626589938808
1,ML,0.5,24.50168073415205
100,ML,0.5,4.04143841371759
500,ML,0.5,1.0124541519100623
1200,ML,0.5,1.3069011554030388
2000,ML,0.5,0.6796788520296145
0,Optimization,0.52,14.699508272476685
1,ML,0.52,15.268515599658743
100,ML,0.52,4.873594559512597
500,ML,0.52,1.0994778076894098
1200,ML,0.52,1.2983617739824163
2000,ML,0.52,0.6697525966274208
0,Optimization,0.52,15.832209629665343
1,ML,0.52,23.17587001262158
100,ML,0.52,4.003437983369663
500,ML,0.52,1.257023913778801
1200,ML,0.52,1.1997142839660377
2000,ML,0.52,0.6819616808895108
0,Optimization,0.52,10.937620945598384
1,ML,0.52,16.22086359621772
100,ML,0.52,4.1115223938251235
500,ML,0.52,1.5569498270967888
1200,ML,0.52,1.033359713991613
2000,ML,0.52,0.7022509383875143
0,Optimization,0.52,11.25343522252071
1,ML,0.52,18.040047705616225
100,ML,0.52,6.552508545353229
500,ML,0.52,1.0274109539254361
1200,ML,0.52,1.3074776791321483
2000,ML,0.52,0.6677310947928139
0,Optimization,0.52,11.982414406642919
1,ML,0.52,26.649364496001347
100,ML,0.52,3.442198058017181
500,ML,0.52,1.202592538112339
1200,ML,0.52,1.291845980405638
2000,ML,0.52,0.7715141560844495
0,Optimization,0.52,11.41066880685635
1,ML,0.52,18.83943587678486
100,ML,0.52,5.123644871893346
500,ML,0.52,1.741816794460298
1200,ML,0.52,0.8650427736814305
2000,ML,0.52,0.6610101120770552
0,Optimization,0.52,12.770813716332757
1,ML,0.52,24.4216880423373
100,ML,0.52,9.524220099722061
500,ML,0.52,1.0888307956810077
1200,ML,0.52,0.7856724888237363
2000,ML,0.52,0.7050551705672095
0,Optimization,0.52,12.577890811551544
1,ML,0.52,21.266662542179006
100,ML,0.52,5.275604239515194
500,ML,0.52,1.4530217045948803
1200,ML,0.52,0.7131901732889047
2000,ML,0.52,0.606487186275981
0,Optimization,0.52,12.103336071789515
1,ML,0.52,19.20093400535464
100,ML,0.52,5.374753799972847
500,ML,0.52,1.3359121528948061
1200,ML,0.52,1.3485277246294411
2000,ML,0.52,0.6838834436604704
0,Optimization,0.54,12.003932306185634
1,ML,0.54,24.405979617147025
100,ML,0.54,8.242298057150201
500,ML,0.54,1.0532300958579464
1200,ML,0.54,1.1690294242750514
2000,ML,0.54,0.6859688480202999
0,Optimization,0.54,16.845459960146464
1,ML,0.54,20.412659444565847
100,ML,0.54,7.7939274642637635
500,ML,0.54,2.071108681848093
1200,ML,0.54,0.9880017150587236
2000,ML,0.54,0.737070357842945
0,Optimization,0.54,11.856146141092994
1,ML,0.54,29.973472384484573
100,ML,0.54,11.494787280736178
500,ML,0.54,1.7291100353482762
1200,ML,0.54,1.51897406540248
2000,ML,0.54,0.5986415634443129
0,Optimization,0.54,30.204002318513055
1,ML,0.54,22.26771906882748
100,ML,0.54,9.594206521155908
500,ML,0.54,2.9752284404428453
1200,ML,0.54,0.8852682802931606
2000,ML,0.54,0.7211219580531925
0,Optimization,0.54,11.879889688443269
1,ML,0.54,22.064021268507958
100,ML,0.54,9.810988679225987
500,ML,0.54,1.6610129535268885
1200,ML,0.54,1.8454008184203723
2000,ML,0.54,0.8244794871019193
0,Optimization,0.54,22.377205856729017
1,ML,0.54,52.85409157985935
100,ML,0.54,4.790007137638188
500,ML,0.54,3.330542342036701
1200,ML,0.54,1.0076587712372715
2000,ML,0.54,0.6099072021746058
0,Optimization,0.54,11.853956290742218
1,ML,0.54,64.89400090117881
100,ML,0.54,8.647917978007971
500,ML,0.54,1.6891706350770752
1200,ML,0.54,0.7149340151391551
2000,ML,0.54,0.5829991023776491
0,Optimization,0.54,15.229573594469572
1,ML,0.54,17.061650847148044
100,ML,0.54,7.7475525434229
500,ML,0.54,1.9003965092699782
1200,ML,0.54,1.2804203762942068
2000,ML,0.54,0.8655559332091755
0,Optimization,0.54,15.289012122918207
1,ML,0.54,23.79494165758932
100,ML,0.54,3.8298945606347536
500,ML,0.54,1.8031111966349316
1200,ML,0.54,0.9610072908454665
2000,ML,0.54,0.873055085239603
0,Optimization,0.56,15.686156154875558
1,ML,0.56,19.169322935992668
100,ML,0.56,4.8286303575140845
500,ML,0.56,1.677565476711513
1200,ML,0.56,0.8541330209932873
2000,ML,0.56,0.5779145955859986
0,Optimization,0.56,13.75143037632389
1,ML,0.56,27.65665774508384
100,ML,0.56,7.247242373315892
500,ML,0.56,4.405303054044776
1200,ML,0.56,2.885432990383725
2000,ML,0.56,0.922790608372246
0,Optimization,0.56,15.385253716144241
1,ML,0.56,21.314849871375703
100,ML,0.56,11.03231296040133
500,ML,0.56,2.7793167140159287
1200,ML,0.56,0.9613727768138899
2000,ML,0.56,0.6405228302630376
0,Optimization,0.56,13.33784805997721
1,ML,0.56,36.27467130178728
100,ML,0.56,6.9008983565037525
500,ML,0.56,1.2366408675992444
1200,ML,0.56,0.9557424238156216
2000,ML,0.56,0.7564931013368158
0,Optimization,0.56,15.03653445700051
1,ML,0.56,16.866753972674616
100,ML,0.56,7.93575972937423
500,ML,0.56,2.066066742778862
1200,ML,0.56,1.3888961614198099
2000,ML,0.56,0.540210104521262
0,Optimization,0.56,15.209808449055293
1,ML,0.56,19.470458789311387
100,ML,0.56,7.154085814207086
500,ML,0.56,2.3883639576474227
1200,ML,0.56,0.9241220256631427
2000,ML,0.56,0.6564732191209264
0,Optimization,0.56,17.477468014679218
1,ML,0.56,17.766192641309875
100,ML,0.56,7.493788586910366
500,ML,0.56,1.4431449084996957
1200,ML,0.56,1.5147684423569414
2000,ML,0.56,0.6286028455347442
0,Optimization,0.56,14.095166942510247
1,ML,0.56,19.484033073596045
100,ML,0.56,8.496892505778275
500,ML,0.56,1.293740831614028
1200,ML,0.56,0.8892728370545742
2000,ML,0.56,0.4915967288966643
0,Optimization,0.56,17.02423304995869
1,ML,0.56,27.93392035497369
100,ML,0.56,5.649466907789812
500,ML,0.56,1.1700292133252306
1200,ML,0.56,0.7145911381342861
2000,ML,0.56,0.3460215529392722
0,Optimization,0.58,17.00654502331716
1,ML,0.58,28.384487651427513
100,ML,0.58,9.735089711429435
500,ML,0.58,1.6199025503007631
1200,ML,0.58,0.8104649904161638
2000,ML,0.58,0.8414492500598957
0,Optimization,0.58,31.67256985461146
1,ML,0.58,29.548167639368437
100,ML,0.58,5.006463834474651
500,ML,0.58,1.0837942679242127
1200,ML,0.58,0.8432435026169188
2000,ML,0.58,0.68756822927254
0,Optimization,0.58,21.221117753557607
1,ML,0.58,21.765210401400942
100,ML,0.58,5.900338870200903
500,ML,0.58,1.9479890884106363
1200,ML,0.58,3.0945432712865037
2000,ML,0.58,0.6371147552900287
0,Optimization,0.58,14.526620088069423
1,ML,0.58,26.063624110970466
100,ML,0.58,7.197868116129746
500,ML,0.58,1.3383132467652534
1200,ML,0.58,0.8402885182079188
2000,ML,0.58,0.8097206022026358
0,Optimization,0.58,22.712255374366606
1,ML,0.58,20.785217511526714
100,ML,0.58,11.823662453790432
500,ML,0.58,3.4845710892144046
1200,ML,0.58,0.9524723595061512
2000,ML,0.58,0.6259319806151098
0,Optimization,0.58,18.53149065693451
1,ML,0.58,21.552124054236998
100,ML,0.58,8.532027379164075
500,ML,0.58,3.7935457440570435
1200,ML,0.58,1.2364748367465517
2000,ML,0.58,0.9612340664671557
0,Optimization,0.58,15.447219280874796
1,ML,0.58,23.333381950085467
100,ML,0.58,5.445875726473587
500,ML,0.58,4.470128138607171
1200,ML,0.58,0.8148018721993137
2000,ML,0.58,0.8361353318296628
0,Optimization,0.58,15.323538408676866
1,ML,0.58,65.10335803817352
100,ML,0.58,7.946857050600091
500,ML,0.58,3.020201314042681
1200,ML,0.58,0.9285444229447791
2000,ML,0.58,0.3744755511573459
0,Optimization,0.58,18.82539884123684
1,ML,0.58,28.206904870806103
100,ML,0.58,7.577528753500476
500,ML,0.58,1.9425868008635538
1200,ML,0.58,1.1319592268016612
2000,ML,0.58,0.6876911796697522
0,Optimization,0.6,19.216587422390365
1,ML,0.6,26.293407111282637
100,ML,0.6,12.440233919596793
500,ML,0.6,2.054660980027553
1200,ML,0.6,1.195557754894782
2000,ML,0.6,0.6274701633941803
0,Optimization,0.6,19.287380153626252
1,ML,0.6,35.342044178369996
100,ML,0.6,7.956576676501561
500,ML,0.6,2.0483605090745027
1200,ML,0.6,1.3463388138484367
2000,ML,0.6,0.4774520012523802
0,Optimization,0.6,24.16622001822104
1,ML,0.6,22.85738225589215
100,ML,0.6,6.6433961750152815
500,ML,0.6,2.7391153572696236
1200,ML,0.6,2.1930740844235497
2000,ML,0.6,0.775776472275644
0,Optimization,0.6,18.72345029504085
1,ML,0.6,30.218219512577186
100,ML,0.6,6.632020719988713
500,ML,0.6,2.2214430618886603
1200,ML,0.6,0.8961415464238234
2000,ML,0.6,0.5304866954057121
0,Optimization,0.6,23.843393446592593
1,ML,0.6,30.616378918431224
100,ML,0.6,5.717374063502279
500,ML,0.6,5.219635715049482
1200,ML,0.6,0.960232338736184
2000,ML,0.6,0.5419145699975789
0,Optimization,0.6,19.36025241013476
1,ML,0.6,26.347785374379374
100,ML,0.6,11.300730097983875
500,ML,0.6,4.125374204620484
1200,ML,0.6,2.2045729494445245
2000,ML,0.6,0.7676765521018941
0,Optimization,0.6,18.531870014626556
1,ML,0.6,23.252544629273117
100,ML,0.6,9.288270437556783
500,ML,0.6,2.272116722624912
1200,ML,0.6,1.254529114680024
2000,ML,0.6,0.8289084861317687
0,Optimization,0.6,16.096040773689715
1,ML,0.6,22.824608338643426
100,ML,0.6,6.545137010222635
500,ML,0.6,4.266893783352185
1200,ML,0.6,0.9912778687347732
2000,ML,0.6,0.7950024494965126
0,Optimization,0.6,17.239154201933385
1,ML,0.6,30.670106309598122
100,ML,0.6,6.500874043812298
500,ML,0.6,2.9586902757811315
1200,ML,0.6,2.250675782868721
2000,ML,0.6,0.6191444783881132
0,Optimization,0.62,18.18794403818136
1,ML,0.62,26.838929144270264
100,ML,0.62,9.733441192264829
500,ML,0.62,4.063391250833347
1200,ML,0.62,2.3308782791847618
2000,ML,0.62,0.8503056982190217
0,Optimization,0.62,25.123134972113473
1,ML,0.62,28.76370747580853
100,ML,0.62,9.274248476906257
500,ML,0.62,2.510889893123948
1200,ML,0.62,1.4666525000506598
2000,ML,0.62,0.6818328400141203
0,Optimization,0.62,26.650322720609932
1,ML,0.62,36.611985622139834
100,ML,0.62,8.587115922962091
500,ML,0.62,2.859026838624605
1200,ML,0.62,1.144878279083211
2000,ML,0.62,0.7154568635092817
0,Optimization,0.62,20.84797403089203
1,ML,0.62,36.61618164310394
100,ML,0.62,10.134102536271614
500,ML,0.62,4.440735709113785
1200,ML,0.62,1.0643656583757708
2000,ML,0.62,0.9325995209352425
0,Optimization,0.62,18.404768374605137
1,ML,0.62,33.186856877656346
100,ML,0.62,8.48754482683623
500,ML,0.62,3.479040844493234
1200,ML,0.62,0.9801786889249253
2000,ML,0.62,0.8104730190569334
0,Optimization,0.62,21.746069262574444
1,ML,0.62,28.92498493376931
100,ML,0.62,10.927139756459098
500,ML,0.62,3.096862758588676
1200,ML,0.62,1.2646938439007025
2000,ML,0.62,0.6534191500543306
0,Optimization,0.62,27.274766151588928
1,ML,0.62,35.980953623628864
100,ML,0.62,9.928201601820641
500,ML,0.62,3.7385774540214674
1200,ML,0.62,0.7695531548126581
2000,ML,0.62,0.8610322279977769
0,Optimization,0.62,17.66059149665137
1,ML,0.62,58.13384143400158
100,ML,0.62,10.346543765717751
500,ML,0.62,3.5048769529085613
1200,ML,0.62,0.8813096441688393
2000,ML,0.62,0.5973006164024062
0,Optimization,0.62,18.48030363123661
1,ML,0.62,26.209111890677775
100,ML,0.62,7.2438762099714715
500,ML,0.62,7.669265454343596
1200,ML,0.62,0.9617212595361373
2000,ML,0.62,0.6907551214721207
0,Optimization,0.64,22.254728406305105
1,ML,0.64,38.70205850708675
100,ML,0.64,13.857771713693264
500,ML,0.64,5.140172242982606
1200,ML,0.64,0.9695432513781694
2000,ML,0.64,0.658249227955212
0,Optimization,0.64,30.762956937793472
1,ML,0.64,32.25585535268631
100,ML,0.64,8.806126206295643
500,ML,0.64,4.856864766908378
1200,ML,0.64,1.214510973173
2000,ML,0.64,0.629588999116067
0,Optimization,0.64,21.18854551061115
1,ML,0.64,31.776670267803603
100,ML,0.64,10.150479976333179
500,ML,0.64,6.359734287393741
1200,ML,0.64,0.9027568370526479
2000,ML,0.64,0.6774379783082778
0,Optimization,0.64,25.290563789019505
1,ML,0.64,36.16461142699421
100,ML,0.64,18.514676165375924
500,ML,0.64,4.641874401528941
1200,ML,0.64,0.9479043000988511
2000,ML,0.64,0.6371996093285094
0,Optimization,0.64,27.353981653977023
1,ML,0.64,28.66730621454151
100,ML,0.64,9.91993352972938
500,ML,0.64,4.32115918264104
1200,ML,0.64,0.8425957564383645
2000,ML,0.64,0.883895992672824
0,Optimization,0.64,22.447556139271324
1,ML,0.64,29.523470809660253
100,ML,0.64,7.441478596212455
500,ML,0.64,7.155692789556163
1200,ML,0.64,1.6379111502721606
2000,ML,0.64,0.8329195481624099
0,Optimization,0.64,20.597322713820255
1,ML,0.64,31.15226270992032
100,ML,0.64,8.50698684555899
500,ML,0.64,3.4359948353167793
1200,ML,0.64,1.7945332314898832
2000,ML,0.64,0.6081553771866443
0,Optimization,0.64,20.134496072872366
1,ML,0.64,35.1809460822312
100,ML,0.64,12.197345893474118
500,ML,0.64,2.614665663675079
1200,ML,0.64,0.8826348672434101
2000,ML,0.64,1.0148767984666331
0,Optimization,0.64,32.94717576356679
1,ML,0.64,36.457142232284056
100,ML,0.64,10.120021881021128
500,ML,0.64,2.4320240967136417
1200,ML,0.64,0.8817438368419139
2000,ML,0.64,0.7240650363931412
0,Optimization,0.66,27.146009486757386
1,ML,0.66,41.56458714648721
100,ML,0.66,9.918767900281424
500,ML,0.66,3.642182494319918
1200,ML,0.66,1.5736046598456124
2000,ML,0.66,0.500858526181432
0,Optimization,0.66,27.736924622049994
1,ML,0.66,42.91295542762288
100,ML,0.66,16.709348729644113
500,ML,0.66,3.9097535135890844
1200,ML,0.66,1.444245716762931
2000,ML,0.66,0.5149395389682623
0,Optimization,0.66,21.290843045009886
1,ML,0.66,40.47389488103573
100,ML,0.66,14.563798104624873
500,ML,0.66,4.544295791487971
1200,ML,0.66,0.8631595394259086
2000,ML,0.66,0.17638804066787017
0,Optimization,0.66,24.685639818316393
1,ML,0.66,34.45169193594158
100,ML,0.66,10.78748255183358
500,ML,0.66,5.45590644034338
1200,ML,0.66,1.1654414690485195
2000,ML,0.66,0.7606396392998698
0,Optimization,0.66,29.305568061880244
1,ML,0.66,36.55929242615187
100,ML,0.66,16.683416005771655
500,ML,0.66,2.6098537070963466
1200,ML,0.66,1.0001527618452264
2000,ML,0.66,0.6489707571692107
0,Optimization,0.66,23.253151480178193
1,ML,0.66,35.75406731466532
100,ML,0.66,9.357960618373923
500,ML,0.66,8.390434469204399
1200,ML,0.66,0.9633068712390972
2000,ML,0.66,1.043606998871037
0,Optimization,0.66,26.120309688796535
1,ML,0.66,39.665287181213316
100,ML,0.66,13.198348541742309
500,ML,0.66,2.3589427611550113
1200,ML,0.66,0.8952887549371958
2000,ML,0.66,0.7368312235832818
0,Optimization,0.66,22.961385021787848
1,ML,0.66,34.8519011362492
100,ML,0.66,11.970693395582208
500,ML,0.66,3.258019472468358
1200,ML,0.66,2.236246325948497
2000,ML,0.66,0.5240841565736611
0,Optimization,0.66,22.663114210767233
1,ML,0.66,34.95262104506679
100,ML,0.66,10.165486184426642
500,ML,0.66,6.033826816576495
1200,ML,0.66,1.3650954279184608
2000,ML,0.66,0.7036080211644021
0,Optimization,0.68,35.2009082527741
1,ML,0.68,36.665110012599506
100,ML,0.68,13.575379879120984
500,ML,0.68,5.040560731368776
1200,ML,0.68,3.559359071728635
2000,ML,0.68,0.7122203212486881
0,Optimization,0.68,23.475390377571067
1,ML,0.68,35.14369971669862
100,ML,0.68,13.673114438125285
500,ML,0.68,4.598508790553078
1200,ML,0.68,0.9755604411818091
2000,ML,0.68,0.46505817019828594
0,Optimization,0.68,37.55019750266921
1,ML,0.68,44.14756549534509
100,ML,0.68,18.86796472702178
500,ML,0.68,3.0597171840958506
1200,ML,0.68,1.009333840132989
2000,ML,0.68,0.8791229031494141
0,Optimization,0.68,30.357009751368565
1,ML,0.68,40.00525249908558
100,ML,0.68,12.763306867957548
500,ML,0.68,5.455108184269367
1200,ML,0.68,0.923976588264703
2000,ML,0.68,0.6556356445634594
0,Optimization,0.68,26.959907755947913
1,ML,0.68,36.55158934620009
100,ML,0.68,15.887620945089743
500,ML,0.68,5.053221136332747
1200,ML,0.68,2.269488164932968
2000,ML,0.68,0.5156038254848883
0,Optimization,0.68,25.765805219910188
1,ML,0.68,39.854315140901605
100,ML,0.68,12.489375655136886
500,ML,0.68,4.8888207662416505
1200,ML,0.68,1.596864657550725
2000,ML,0.68,0.45342924135569057
0,Optimization,0.68,23.84841203406472
1,ML,0.68,40.71271719442733
100,ML,0.68,10.589649127400317
500,ML,0.68,5.854420671810006
1200,ML,0.68,0.889892331570594
2000,ML,0.68,0.44765974147662596
0,Optimization,0.68,31.207861572487758
1,ML,0.68,43.902067718076324
100,ML,0.68,15.662900123755726
500,ML,0.68,3.273727610583732
1200,ML,0.68,1.0320690351750343
2000,ML,0.68,0.762265403496019
0,Optimization,0.68,24.961545129107346
1,ML,0.68,38.38866936767362
100,ML,0.68,14.515163603178308
500,ML,0.68,10.418936925791268
1200,ML,0.68,1.5535448267940262
2000,ML,0.68,0.6825999144166466
0,Optimization,0.7000000000000001,25.329292498569096
1,ML,0.7000000000000001,45.263100139502946
100,ML,0.7000000000000001,18.461942827690137
500,ML,0.7000000000000001,4.822703631661109
1200,ML,0.7000000000000001,0.8465419063917505
2000,ML,0.7000000000000001,0.7879113591430847
0,Optimization,0.7000000000000001,37.60415826860468
1,ML,0.7000000000000001,45.59396813633002
100,ML,0.7000000000000001,17.76121164841588
500,ML,0.7000000000000001,3.6343984933273483
1200,ML,0.7000000000000001,0.9221592407258513
2000,ML,0.7000000000000001,0.6130842179543745
0,Optimization,0.7000000000000001,30.01521234159543
1,ML,0.7000000000000001,46.62480493707584
100,ML,0.7000000000000001,13.840549854220766
500,ML,0.7000000000000001,4.021979098404306
1200,ML,0.7000000000000001,2.5848906954597597
2000,ML,0.7000000000000001,0.5455934852594646
0,Optimization,0.7000000000000001,25.170495412654365
1,ML,0.7000000000000001,48.439568961954336
100,ML,0.7000000000000001,15.798591546806586
500,ML,0.7000000000000001,5.062800480233403
1200,ML,0.7000000000000001,2.2922317792699247
2000,ML,0.7000000000000001,0.9862229868052581
0,Optimization,0.7000000000000001,26.654706432696564
1,ML,0.7000000000000001,50.514267597234934
100,ML,0.7000000000000001,22.183659433771894
500,ML,0.7000000000000001,8.376379248188588
1200,ML,0.7000000000000001,1.3622214072476582
2000,ML,0.7000000000000001,0.7679722692482804
0,Optimization,0.7000000000000001,26.25632173864565
1,ML,0.7000000000000001,42.20662901821975
100,ML,0.7000000000000001,11.412322122485484
500,ML,0.7000000000000001,5.799076460147001
1200,ML,0.7000000000000001,1.2709978329117846
2000,ML,0.7000000000000001,0.6971141385901054
0,Optimization,0.7000000000000001,31.24789151278383
1,ML,0.7000000000000001,48.91722088343238
100,ML,0.7000000000000001,15.849814838591312
500,ML,0.7000000000000001,4.194759916439134
1200,ML,0.7000000000000001,1.2059283659155422
2000,ML,0.7000000000000001,0.9687930093074651
0,Optimization,0.7000000000000001,25.173163342413957
1,ML,0.7000000000000001,48.74800444232871
100,ML,0.7000000000000001,24.913260797545995
500,ML,0.7000000000000001,9.054384670396672
1200,ML,0.7000000000000001,1.2510571090914997
2000,ML,0.7000000000000001,0.7684002651639809
0,Optimization,0.7000000000000001,32.8295088028378
1,ML,0.7000000000000001,42.51539331111192
100,ML,0.7000000000000001,12.88876489886839
500,ML,0.7000000000000001,4.706348425363766
1200,ML,0.7000000000000001,3.1424162987776083
2000,ML,0.7000000000000001,0.5729880984809743
0,Optimization,0.72,46.41316691099581
1,ML,0.72,49.984368945764516
100,ML,0.72,18.16861162720073
500,ML,0.72,9.951130176493535
1200,ML,0.72,3.5852599394160927
2000,ML,0.72,0.8759702789776691
0,Optimization,0.72,31.95861637468368
1,ML,0.72,46.457578491604394
100,ML,0.72,22.73456986903781
500,ML,0.72,5.307628943616476
1200,ML,0.72,2.2941300088317353
2000,ML,0.72,0.4372257563684901
0,Optimization,0.72,28.017113957223472
1,ML,0.72,51.80060373714136
100,ML,0.72,14.079592861950108
500,ML,0.72,8.932686226210148
1200,ML,0.72,1.2762474099871421
2000,ML,0.72,0.8584034684497241
0,Optimization,0.72,33.221723287034926
1,ML,0.72,57.4693087172527
100,ML,0.72,14.650789941261058
500,ML,0.72,11.531228051536843
1200,ML,0.72,2.137701989860002
2000,ML,0.72,0.8157145015642175
0,Optimization,0.72,34.22356028200326
1,ML,0.72,46.528305507186644
100,ML,0.72,21.249855148671273
500,ML,0.72,4.352213039342373
1200,ML,0.72,1.9763224895871665
2000,ML,0.72,0.2728503040005849
0,Optimization,0.72,33.030227233734294
1,ML,0.72,62.417206242112584
100,ML,0.72,17.073286134500805
500,ML,0.72,7.668844514913419
1200,ML,0.72,1.953713243168793
2000,ML,0.72,1.0210236139941198
0,Optimization,0.72,29.12969755264251
1,ML,0.72,50.22237729356283
100,ML,0.72,17.849247588016222
500,ML,0.72,10.830762601279876
1200,ML,0.72,2.1624318697985574
2000,ML,0.72,0.6289582664728478
0,Optimization,0.72,29.542675756939722
1,ML,0.72,55.318919930108216
100,ML,0.72,24.079076357688784
500,ML,0.72,5.545572664227766
1200,ML,0.72,2.175576713736739
2000,ML,0.72,0.8866792220618308
0,Optimization,0.72,35.628995415032705
1,ML,0.72,46.476936293761554
100,ML,0.72,15.56458457858485
500,ML,0.72,7.898795553712933
1200,ML,0.72,2.2546365514074274
2000,ML,0.72,1.148409888244941
0,Optimization,0.74,34.94977513965416
1,ML,0.74,52.85283214774871
100,ML,0.74,23.769299470384063
500,ML,0.74,5.8129479348463695
1200,ML,0.74,2.5835843974460735
2000,ML,0.74,1.5832564411724164
0,Optimization,0.74,31.9864828432153
1,ML,0.74,55.10604148713611
100,ML,0.74,25.537520405795796
500,ML,0.74,14.54519424143199
1200,ML,0.74,2.4964014998856316
2000,ML,0.74,0.7190242804562341
0,Optimization,0.74,39.4304111342241
1,ML,0.74,77.41859070319985
100,ML,0.74,15.761252050388618
500,ML,0.74,6.203466718097334
1200,ML,0.74,4.290920220355364
2000,ML,0.74,0.7084485146380947
0,Optimization,0.74,30.595253282742846
1,ML,0.74,61.515070897215175
100,ML,0.74,16.863240111674322
500,ML,0.74,6.584729846210907
1200,ML,0.74,3.6486062078476995
2000,ML,0.74,0.4998549372787463
0,Optimization,0.74,32.70379277741832
1,ML,0.74,82.92712321191141
100,ML,0.74,22.226170814508226
500,ML,0.74,8.100348337337708
1200,ML,0.74,4.210660593596644
2000,ML,0.74,0.7831192115071727
0,Optimization,0.74,29.720655817948504
1,ML,0.74,56.5190316495151
100,ML,0.74,21.658200382362015
500,ML,0.74,7.11553206040865
1200,ML,0.74,2.463152551147812
2000,ML,0.74,0.8458868093787706
0,Optimization,0.74,33.60241234860781
1,ML,0.74,54.11803804192666
100,ML,0.74,16.665277445749062
500,ML,0.74,9.485810918986065
1200,ML,0.74,2.470199995308981
2000,ML,0.74,0.43245401267803757
0,Optimization,0.74,30.258668437063363
1,ML,0.74,53.343346069737485
100,ML,0.74,18.52880345654677
500,ML,0.74,8.836402798480531
1200,ML,0.74,2.4504947517057736
2000,ML,0.74,0.7231792634150784
0,Optimization,0.74,34.637356994201106
1,ML,0.74,58.470270136967684
100,ML,0.74,17.955039462720624
500,ML,0.74,7.598466738967083
1200,ML,0.74,2.427913802026599
2000,ML,0.74,0.9776650761000458
0,Optimization,0.76,35.693272206291006
1,ML,0.76,59.505872034927044
100,ML,0.76,37.40524428857799
500,ML,0.76,9.307243116922876
1200,ML,0.76,4.783100803439219
2000,ML,0.76,0.9821324924643489
0,Optimization,0.76,37.168581443484776
1,ML,0.76,70.46533273584207
100,ML,0.76,20.12998355632762
500,ML,0.76,7.947547765894283
1200,ML,0.76,4.08571245498939
2000,ML,0.76,1.457923968966302
0,Optimization,0.76,36.97339229851235
1,ML,0.76,62.16759433532709
100,ML,0.76,21.296880345408542
500,ML,0.76,9.451574745632326
1200,ML,0.76,6.981888153722772
2000,ML,0.76,0.6102732611739774
0,Optimization,0.76,35.0035229941506
1,ML,0.76,59.689739863338936
100,ML,0.76,20.76861527556138
500,ML,0.76,6.4649957914225205
1200,ML,0.76,2.135610919997679
2000,ML,0.76,0.6538092351851768
0,Optimization,0.76,41.14397513397541
1,ML,0.76,75.96188736673659
100,ML,0.76,23.15278923752563
500,ML,0.76,9.056598794582406
1200,ML,0.76,3.7993115972535527
2000,ML,0.76,0.7279400004481369
0,Optimization,0.76,42.55503683992363
1,ML,0.76,60.21801059087719
100,ML,0.76,21.723744814942982
500,ML,0.76,8.725091206291099
1200,ML,0.76,3.1294468889970286
2000,ML,0.76,0.9681165631222487
0,Optimization,0.76,40.30839621128528
1,ML,0.76,62.237228483548726
100,ML,0.76,21.471775061728245
500,ML,0.76,6.860760036524099
1200,ML,0.76,4.858633593405937
2000,ML,0.76,0.529987227429821
0,Optimization,0.76,32.8215613416192
1,ML,0.76,68.05705093031608
100,ML,0.76,29.900453578565354
500,ML,0.76,9.80878463988918
1200,ML,0.76,5.452190250978163
2000,ML,0.76,1.312094432739535
0,Optimization,0.76,39.26292777628434
1,ML,0.76,57.563746036423865
100,ML,0.76,26.323362934630538
500,ML,0.76,8.499194658442685
1200,ML,0.76,8.160426919558487
2000,ML,0.76,0.7885120210936508
0,Optimization,0.78,36.81264812783033
1,ML,0.78,72.25109587788647
100,ML,0.78,24.139409414457155
500,ML,0.78,7.264490350878109
1200,ML,0.78,4.341714669876953
2000,ML,0.78,0.6307853670840905
0,Optimization,0.78,39.71202642982047
1,ML,0.78,112.83435213700429
100,ML,0.78,23.162878635558503
500,ML,0.78,8.235658207877366
1200,ML,0.78,5.555995035305477
2000,ML,0.78,0.91092972887533
0,Optimization,0.78,35.929479820793574
1,ML,0.78,67.50567271887071
100,ML,0.78,25.456349710972308
500,ML,0.78,9.989881869740186
1200,ML,0.78,6.353153744046114
2000,ML,0.78,0.6310554916252377
0,Optimization,0.78,34.718709429847856
1,ML,0.78,68.59316786231429
100,ML,0.78,26.2125972399309
500,ML,0.78,7.144058561883047
1200,ML,0.78,7.483924040871893
2000,ML,0.78,2.0084588350901402
0,Optimization,0.78,42.60256426852201
1,ML,0.78,70.52266558699681
100,ML,0.78,20.204496404993463
500,ML,0.78,11.892995088353882
1200,ML,0.78,2.6164527602904366
2000,ML,0.78,1.4201935294526762
0,Optimization,0.78,37.85063273873057
1,ML,0.78,67.01079989801386
100,ML,0.78,21.840885322500007
500,ML,0.78,10.732622219342655
1200,ML,0.78,4.52007637546504
2000,ML,0.78,0.822373720955121
0,Optimization,0.78,35.12673687914813
1,ML,0.78,86.97120939541742
100,ML,0.78,29.85298410400184
500,ML,0.78,8.479136290604234
1200,ML,0.78,3.704515101088771
2000,ML,0.78,0.640180168827632
0,Optimization,0.78,38.723345921443
1,ML,0.78,77.08534620715595
100,ML,0.78,29.618781013962646
500,ML,0.78,12.393862296630667
1200,ML,0.78,5.298871230332841
2000,ML,0.78,1.1478436127816725
0,Optimization,0.78,42.39390442023441
1,ML,0.78,86.70929386239337
100,ML,0.78,24.785785150030957
500,ML,0.78,12.259635730480056
1200,ML,0.78,4.510926002384654
2000,ML,0.78,0.5168707634789091
0,Optimization,0.8,49.85433353027655
1,ML,0.8,81.9128381267666
100,ML,0.8,24.878010893271895
500,ML,0.8,10.648179350865549
1200,ML,0.8,8.607709563149662
2000,ML,0.8,1.3677703218735042
0,Optimization,0.8,42.7299813472453
1,ML,0.8,92.8439173343998
100,ML,0.8,46.922012485926956
500,ML,0.8,11.183219111680657
1200,ML,0.8,4.478110879825153
2000,ML,0.8,0.5923903548980998
0,Optimization,0.8,45.09429445154293
1,ML,0.8,75.90892471404878
100,ML,0.8,41.63074722292612
500,ML,0.8,14.388663755717108
1200,ML,0.8,3.711974419541008
2000,ML,0.8,1.6422167159207164
0,Optimization,0.8,39.22184112943638
1,ML,0.8,79.63459211586347
100,ML,0.8,22.80056033944023
500,ML,0.8,8.881337824192045
1200,ML,0.8,5.870285370647484
2000,ML,0.8,0.8050579158541382
0,Optimization,0.8,37.42601819721955
1,ML,0.8,81.30640536817192
100,ML,0.8,27.034048621937742
500,ML,0.8,18.246343921215754
1200,ML,0.8,6.979196380356576
2000,ML,0.8,2.057553058209724
0,Optimization,0.8,38.550321138752636
1,ML,0.8,73.7425646633236
100,ML,0.8,29.457168435184958
500,ML,0.8,10.007285459415051
1200,ML,0.8,8.25170398862246
2000,ML,0.8,2.553989695949178
0,Optimization,0.8,38.17712551687903
1,ML,0.8,79.31476842708437
100,ML,0.8,49.28910323222376
500,ML,0.8,20.06179511392255
1200,ML,0.8,5.017072280376194
2000,ML,0.8,1.9686661543416413
0,Optimization,0.8,45.26897308576891
1,ML,0.8,81.91714083146836
100,ML,0.8,26.253236166242925
500,ML,0.8,11.250641406409475
1200,ML,0.8,4.317153558880918
2000,ML,0.8,1.5526301390483985
0,Optimization,0.8,46.40570237091879
1,ML,0.8,76.55092433858405
100,ML,0.8,26.608480367591717
500,ML,0.8,11.093719932051652
1200,ML,0.8,4.400926088341816
2000,ML,0.8,1.4900898944479057
0,Optimization,0.8200000000000001,54.12119605323601
1,ML,0.8200000000000001,91.23952246614746
100,ML,0.8200000000000001,30.904766038077042
500,ML,0.8200000000000001,11.082915138250376
1200,ML,0.8200000000000001,11.30011422424378
2000,ML,0.8200000000000001,2.3601118460688193
0,Optimization,0.8200000000000001,53.27548386286486
1,ML,0.8200000000000001,88.89495618819268
100,ML,0.8200000000000001,27.154147073909623
500,ML,0.8200000000000001,10.433883944043174
1200,ML,0.8200000000000001,5.433497301537075
2000,ML,0.8200000000000001,2.4778780337409128
0,Optimization,0.8200000000000001,74.25677226874234
1,ML,0.8200000000000001,85.40996770691977
100,ML,0.8200000000000001,49.12078935067258
500,ML,0.8200000000000001,14.544663044357758
1200,ML,0.8200000000000001,8.136055124162159
2000,ML,0.8200000000000001,0.8496731085039356
0,Optimization,0.8200000000000001,40.61503877216422
1,ML,0.8200000000000001,84.60012255806438
100,ML,0.8200000000000001,28.271413632168098
500,ML,0.8200000000000001,14.936263460097827
1200,ML,0.8200000000000001,3.851016248456101
2000,ML,0.8200000000000001,2.3342238135000293
0,Optimization,0.8200000000000001,40.76468892364314
1,ML,0.8200000000000001,87.34609515313656
100,ML,0.8200000000000001,26.463722631998827
500,ML,0.8200000000000001,12.17462346497915
1200,ML,0.8200000000000001,4.196984754903341
2000,ML,0.8200000000000001,2.114953660860179
0,Optimization,0.8200000000000001,48.51789709769218
1,ML,0.8200000000000001,84.64664596626127
100,ML,0.8200000000000001,31.372027939967886
500,ML,0.8200000000000001,12.500320253762737
1200,ML,0.8200000000000001,9.370554545736413
2000,ML,0.8200000000000001,2.9976825683639414
0,Optimization,0.8200000000000001,52.95636304879248
1,ML,0.8200000000000001,90.44685892708218
100,ML,0.8200000000000001,28.286533292529413
500,ML,0.8200000000000001,14.80942280433173
1200,ML,0.8200000000000001,6.216099048371463
2000,ML,0.8200000000000001,3.418934399327134
0,Optimization,0.8200000000000001,52.43654187564378
1,ML,0.8200000000000001,84.63286377620649
100,ML,0.8200000000000001,32.66582098071004
500,ML,0.8200000000000001,13.429103691616632
1200,ML,0.8200000000000001,7.286646352782002
2000,ML,0.8200000000000001,0.8352226437589682
0,Optimization,0.8200000000000001,44.02052245857921
1,ML,0.8200000000000001,83.1141458617287
100,ML,0.8200000000000001,27.955921886121367
500,ML,0.8200000000000001,12.91454183248724
1200,ML,0.8200000000000001,7.267246336382687
2000,ML,0.8200000000000001,4.732692838869186
0,Optimization,0.84,54.84302021842235
1,ML,0.84,105.54332384705728
100,ML,0.84,30.969149969701306
500,ML,0.84,13.374931816539968
1200,ML,0.84,8.317743688968786
2000,ML,0.84,2.52920665174079
0,Optimization,0.84,54.752625664926164
1,ML,0.84,97.19430379587604
100,ML,0.84,34.68802608652608
500,ML,0.84,19.621169389308655
1200,ML,0.84,8.312997129780097
2000,ML,0.84,3.5388030518314855
0,Optimization,0.84,49.631324384869316
1,ML,0.84,98.527848657514
100,ML,0.84,30.72493995215383
500,ML,0.84,18.294037773063124
1200,ML,0.84,11.234884716598778
2000,ML,0.84,3.376726529230272
0,Optimization,0.84,54.72631818983892
1,ML,0.84,93.90632189863241
100,ML,0.84,34.67126028722096
500,ML,0.84,19.038976110072305
1200,ML,0.84,13.901266581644208
2000,ML,0.84,3.705390418724342
0,Optimization,0.84,55.03603510427888
1,ML,0.84,105.0725674022568
100,ML,0.84,31.32281222097319
500,ML,0.84,24.181284934195677
1200,ML,0.84,5.331546676524441
2000,ML,0.84,2.867134153346125
0,Optimization,0.84,44.64650527201049
1,ML,0.84,98.91587150471004
100,ML,0.84,42.28826355462437
500,ML,0.84,15.065680064693156
1200,ML,0.84,14.377184180011346
2000,ML,0.84,5.505373209729962
0,Optimization,0.84,66.68286600753386
1,ML,0.84,96.58334467517425
100,ML,0.84,31.65236789793506
500,ML,0.84,13.490802605396658
1200,ML,0.84,8.4754462945541
2000,ML,0.84,3.534175864699546
0,Optimization,0.84,43.84098649014703
1,ML,0.84,95.70892441803093
100,ML,0.84,34.02450630143697
500,ML,0.84,14.270376326625081
1200,ML,0.84,7.188947636934713
2000,ML,0.84,1.955626227988537
0,Optimization,0.84,66.20178206898296
1,ML,0.84,97.93613073748118
100,ML,0.84,31.794238839812966
500,ML,0.84,16.542621912242698
1200,ML,0.84,9.7562821323515
2000,ML,0.84,6.363969358478642
0,Optimization,0.86,74.73930070789999
1,ML,0.86,109.61759828849918
100,ML,0.86,33.070836009397134
500,ML,0.86,18.552895690002558
1200,ML,0.86,6.909079439498763
2000,ML,0.86,5.002783583330871
0,Optimization,0.86,48.0074764184521
1,ML,0.86,114.50923837504412
100,ML,0.86,39.50728591656515
500,ML,0.86,18.194167746189052
1200,ML,0.86,7.57128233639372
2000,ML,0.86,2.711404028479091
0,Optimization,0.86,68.29331294339039
1,ML,0.86,111.156516251053
100,ML,0.86,37.95015359582031
500,ML,0.86,19.70523563170157
1200,ML,0.86,10.777239411229486
2000,ML,0.86,1.8669659701923529
0,Optimization,0.86,49.594961468461634
1,ML,0.86,112.0997446345395
100,ML,0.86,38.125467952171434
500,ML,0.86,18.98806971240014
1200,ML,0.86,12.884340796646747
2000,ML,0.86,5.79204406603221
0,Optimization,0.86,54.21613001349728
1,ML,0.86,109.42922299456369
100,ML,0.86,36.094773010294816
500,ML,0.86,20.870050342215865
1200,ML,0.86,8.849865530230105
2000,ML,0.86,3.0464586282003534
0,Optimization,0.86,48.626677543568306
1,ML,0.86,115.26502658856225
100,ML,0.86,46.06395308290273
500,ML,0.86,16.248570471554714
1200,ML,0.86,8.197382811414759
2000,ML,0.86,2.6172982940616683
0,Optimization,0.86,66.13831208148797
1,ML,0.86,145.80588560071857
100,ML,0.86,33.768172158055606
500,ML,0.86,19.224783246605842
1200,ML,0.86,8.764683846767268
2000,ML,0.86,5.18394210267631
0,Optimization,0.86,50.3954604701344
1,ML,0.86,107.09871672462408
100,ML,0.86,40.38769907821018
500,ML,0.86,33.285101220232846
1200,ML,0.86,11.922638138040769
2000,ML,0.86,4.192929564617695
0,Optimization,0.86,75.46792617816749
1,ML,0.86,105.12242444659856
100,ML,0.86,35.06965345057968
500,ML,0.86,22.044166084648523
1200,ML,0.86,8.109726285909005
2000,ML,0.86,4.129685330679048
0,Optimization,0.88,72.49491992495162
1,ML,0.88,128.7501117683754
100,ML,0.88,55.377591273563844
500,ML,0.88,21.139951288366273
1200,ML,0.88,8.834967037032703
2000,ML,0.88,11.598197217920342
0,Optimization,0.88,53.60632071568437
1,ML,0.88,126.97290106383902
100,ML,0.88,42.36308712958202
500,ML,0.88,17.885283871890877
1200,ML,0.88,13.07809155672324
2000,ML,0.88,5.696811622597978
0,Optimization,0.88,56.85867945712263
1,ML,0.88,118.7409374450322
100,ML,0.88,43.226760083439224
500,ML,0.88,23.060584061375792
1200,ML,0.88,9.746720871009124
2000,ML,0.88,2.499462067253612
0,Optimization,0.88,60.76731455691745
1,ML,0.88,128.4731460344055
100,ML,0.88,39.94169079793001
500,ML,0.88,19.958281450514257
1200,ML,0.88,11.499608130101347
2000,ML,0.88,7.452566189568459
0,Optimization,0.88,52.38357602807132
1,ML,0.88,133.36575985680975
100,ML,0.88,39.55636835445319
500,ML,0.88,27.03630847433756
1200,ML,0.88,12.709463719698203
2000,ML,0.88,7.686092064709565
0,Optimization,0.88,53.80387308326049
1,ML,0.88,122.71103103493243
100,ML,0.88,45.27245590211008
500,ML,0.88,21.60110920983352
1200,ML,0.88,14.485546488080171
2000,ML,0.88,4.767185885960915
0,Optimization,0.88,50.02279666712021
1,ML,0.88,125.35138559078592
100,ML,0.88,41.75025855992335
500,ML,0.88,21.4434631373735
1200,ML,0.88,12.207224588345591
2000,ML,0.88,6.980226756002794
0,Optimization,0.88,52.840651233064285
1,ML,0.88,119.57910553659606
100,ML,0.88,39.92230526319438
500,ML,0.88,27.613591903868873
1200,ML,0.88,11.13694006859358
2000,ML,0.88,4.655938340474519
0,Optimization,0.88,52.014766307522045
1,ML,0.88,122.76156525771833
100,ML,0.88,40.970776275742594
500,ML,0.88,22.007806110384045
1200,ML,0.88,14.654417357376136
2000,ML,0.88,5.980693454461543
0,Optimization,0.9,54.47786366553509
1,ML,0.9,138.61009074753562
100,ML,0.9,45.00039013080501
500,ML,0.9,22.816617333735817
1200,ML,0.9,14.37965432762926
2000,ML,0.9,10.545289800854256
0,Optimization,0.9,58.689303475475455
1,ML,0.9,151.14931105996249
100,ML,0.9,49.304640453499914
500,ML,0.9,26.13520941685257
1200,ML,0.9,16.40188583962906
2000,ML,0.9,7.315566043974721
0,Optimization,0.9,56.184644293949106
1,ML,0.9,149.8695655768122
100,ML,0.9,57.47828275192295
500,ML,0.9,39.64473348252448
1200,ML,0.9,12.27784387254821
2000,ML,0.9,8.21770425563482
0,Optimization,0.9,59.561903419042864
1,ML,0.9,157.78412172556312
100,ML,0.9,50.88782010569074
500,ML,0.9,24.891415723916584
1200,ML,0.9,23.780992967302872
2000,ML,0.9,6.950992179623925
0,Optimization,0.9,55.984673848068596
1,ML,0.9,146.90382361625666
100,ML,0.9,46.296386974607316
500,ML,0.9,26.00615758696629
1200,ML,0.9,16.45107364890809
2000,ML,0.9,7.657795566027505
0,Optimization,0.9,56.21250749463856
1,ML,0.9,141.78571358777688
100,ML,0.9,45.801059390299045
500,ML,0.9,25.409730029417307
1200,ML,0.9,26.369479511716865
2000,ML,0.9,9.104025016897298
0,Optimization,0.9,59.300905760788254
1,ML,0.9,137.66691624711052
100,ML,0.9,49.56170202788356
500,ML,0.9,25.07716965629079
1200,ML,0.9,14.952881411846665
2000,ML,0.9,13.003700829224083
0,Optimization,0.9,57.768285090696025
1,ML,0.9,138.6398507032429
100,ML,0.9,48.11489417188965
500,ML,0.9,22.8220564874577
1200,ML,0.9,14.122903632095895
2000,ML,0.9,4.327283593020439
0,Optimization,0.9,53.90444596697347
1,ML,0.9,140.49774335855483
100,ML,0.9,49.57654396792689
500,ML,0.9,31.048212543459098
1200,ML,0.9,20.28826157361732
2000,ML,0.9,7.46514682725594
0,Optimization,0.92,72.6588956198801
1,ML,0.92,168.32371997526022
100,ML,0.92,63.68485262270245
500,ML,0.92,27.752123018972608
1200,ML,0.92,19.383593647199046
2000,ML,0.92,9.98833863940427
0,Optimization,0.92,58.740519057304866
1,ML,0.92,152.0368948927738
100,ML,0.92,54.28080402728215
500,ML,0.92,28.962270094707762
1200,ML,0.92,21.45220538814287
2000,ML,0.92,11.21092879186768
0,Optimization,0.92,63.3557965079298
1,ML,0.92,154.23062417896915
100,ML,0.92,53.18751210779556
500,ML,0.92,32.234297124868135
1200,ML,0.92,19.834903065442184
2000,ML,0.92,10.274973702358876
0,Optimization,0.92,60.12298428758657
1,ML,0.92,172.55737010451253
100,ML,0.92,56.08626850487009
500,ML,0.92,46.70395900861507
1200,ML,0.92,20.515171977571587
2000,ML,0.92,11.750457447791742
0,Optimization,0.92,61.979008738813185
1,ML,0.92,157.80873598729994
100,ML,0.92,58.1434039864664
500,ML,0.92,32.41025512410094
1200,ML,0.92,18.23551722756409
2000,ML,0.92,8.212183807288568
0,Optimization,0.92,64.08009172978835
1,ML,0.92,164.52229939377432
100,ML,0.92,60.00424400816345
500,ML,0.92,29.65276804601287
1200,ML,0.92,20.49587327295078
2000,ML,0.92,11.910657172805475
0,Optimization,0.92,57.90726941107811
1,ML,0.92,153.9689455372326
100,ML,0.92,56.01888522758304
500,ML,0.92,36.9649147772391
1200,ML,0.92,16.763483635346592
2000,ML,0.92,7.469660958227863
0,Optimization,0.92,59.00647828514913
1,ML,0.92,154.05643681338603
100,ML,0.92,55.85619957973454
500,ML,0.92,30.178220341035264
1200,ML,0.92,21.501627594401477
2000,ML,0.92,10.251056194190632
0,Optimization,0.92,60.65356774011583
1,ML,0.92,158.44743681548056
100,ML,0.92,52.352056043988505
500,ML,0.92,26.153172313264868
1200,ML,0.92,21.525034738028438
2000,ML,0.92,7.73319771159862
0,Optimization,0.9400000000000001,64.07518269463505
1,ML,0.9400000000000001,171.92979177718766
100,ML,0.9400000000000001,66.30407037122781
500,ML,0.9400000000000001,36.46313617065055
1200,ML,0.9400000000000001,34.455904309535974
2000,ML,0.9400000000000001,16.474856039505315
0,Optimization,0.9400000000000001,61.69380595098426
1,ML,0.9400000000000001,185.00553819366382
100,ML,0.9400000000000001,72.44573856213339
500,ML,0.9400000000000001,37.24186234792871
1200,ML,0.9400000000000001,22.321293380166892
2000,ML,0.9400000000000001,14.832502080557774
0,Optimization,0.9400000000000001,76.6868083371308
1,ML,0.9400000000000001,177.8884273400641
100,ML,0.9400000000000001,60.09081544418423
500,ML,0.9400000000000001,40.04837395255733
1200,ML,0.9400000000000001,20.240890856516923
2000,ML,0.9400000000000001,15.793541129187739
0,Optimization,0.9400000000000001,69.63225688898315
1,ML,0.9400000000000001,174.13647592932742
100,ML,0.9400000000000001,60.213008685058824
500,ML,0.9400000000000001,34.44956889787423
1200,ML,0.9400000000000001,23.750466742376204
2000,ML,0.9400000000000001,14.421840083233759
0,Optimization,0.9400000000000001,66.42454610208195
1,ML,0.9400000000000001,177.3605389987665
100,ML,0.9400000000000001,61.39022600506485
500,ML,0.9400000000000001,32.13159191016696
1200,ML,0.9400000000000001,24.24649681516975
2000,ML,0.9400000000000001,12.248055535558938
0,Optimization,0.9400000000000001,60.84122570284709
1,ML,0.9400000000000001,170.24423234431262
100,ML,0.9400000000000001,68.53145429424852
500,ML,0.9400000000000001,38.16519929368875
1200,ML,0.9400000000000001,22.830225235269303
2000,ML,0.9400000000000001,13.591714262861487
0,Optimization,0.9400000000000001,63.505852384293384
1,ML,0.9400000000000001,178.75153028750452
100,ML,0.9400000000000001,62.08594579673699
500,ML,0.9400000000000001,31.76135758526186
1200,ML,0.9400000000000001,30.905729801488945
2000,ML,0.9400000000000001,9.408278960209229
0,Optimization,0.9400000000000001,63.634886061042465
1,ML,0.9400000000000001,175.34112134968944
100,ML,0.9400000000000001,62.349648680197305
500,ML,0.9400000000000001,36.468962396011904
1200,ML,0.9400000000000001,23.20325347876643
2000,ML,0.9400000000000001,16.210823444231067
0,Optimization,0.9400000000000001,65.89467972747718
1,ML,0.9400000000000001,176.43023922775805
100,ML,0.9400000000000001,62.91735084511245
500,ML,0.9400000000000001,32.780954603138454
1200,ML,0.9400000000000001,29.16307687227009
2000,ML,0.9400000000000001,14.339206058200313
0,Optimization,0.96,64.72067706837375
1,ML,0.96,203.88862312070788
100,ML,0.96,71.61054729722932
500,ML,0.96,43.0184367906487
1200,ML,0.96,32.30810648363513
2000,ML,0.96,17.69193929133536
0,Optimization,0.96,75.69538818747519
1,ML,0.96,197.65281140541336
100,ML,0.96,68.7720141821363
500,ML,0.96,38.647162212887515
1200,ML,0.96,31.66809917582579
2000,ML,0.96,18.933816763106748
0,Optimization,0.96,66.95115988267953
1,ML,0.96,203.95075195198424
100,ML,0.96,74.91056387838444
500,ML,0.96,43.76200687176013
1200,ML,0.96,29.548924694067903
2000,ML,0.96,21.886253009220646
0,Optimization,0.96,66.8890645579618
1,ML,0.96,204.58688674833135
100,ML,0.96,70.42102297983975
500,ML,0.96,42.763779346201034
1200,ML,0.96,28.969945393464872
2000,ML,0.96,23.853212746354313
0,Optimization,0.96,66.96355139070616
1,ML,0.96,195.8478663682735
100,ML,0.96,72.18617183923136
500,ML,0.96,37.78109158597247
1200,ML,0.96,27.93034267615816
2000,ML,0.96,17.64210130705336
0,Optimization,0.96,67.09648048296417
1,ML,0.96,194.91023237885926
100,ML,0.96,72.99595906557711
500,ML,0.96,39.8598818323506
1200,ML,0.96,33.128426577329655
2000,ML,0.96,19.970245671217917
0,Optimization,0.96,78.66923111143436
1,ML,0.96,193.84879798617655
100,ML,0.96,78.3019620772132
500,ML,0.96,54.66198246396395
1200,ML,0.96,29.042918913057278
2000,ML,0.96,16.332109650535322
0,Optimization,0.96,75.66378895608028
1,ML,0.96,201.67010252629478
100,ML,0.96,72.51177814727164
500,ML,0.96,40.24978965758097
1200,ML,0.96,27.711557414707258
2000,ML,0.96,21.14934257928771
0,Optimization,0.96,65.18890114257475
1,ML,0.96,201.5117922005144
100,ML,0.96,72.22267954012999
500,ML,0.96,39.81985505331427
1200,ML,0.96,30.73640398754026
2000,ML,0.96,16.774632432300837
0,Optimization,0.98,72.4917929888607
1,ML,0.98,245.48165582188813
100,ML,0.98,81.71374063334612
500,ML,0.98,52.469799536174236
1200,ML,0.98,44.184940163967596
2000,ML,0.98,24.412219901129628
0,Optimization,0.98,81.78370095981056
1,ML,0.98,220.48123291707992
100,ML,0.98,89.99298406851027
500,ML,0.98,45.86682684001138
1200,ML,0.98,36.34820289610538
2000,ML,0.98,28.9033783092239
0,Optimization,0.98,77.07475227050116
1,ML,0.98,219.6155882891449
100,ML,0.98,81.43075942094745
500,ML,0.98,46.43020440939241
1200,ML,0.98,41.01687245119547
2000,ML,0.98,28.355467482815992
0,Optimization,0.98,71.14994388210363
1,ML,0.98,222.63050448882353
100,ML,0.98,84.66966815032828
500,ML,0.98,53.64790132168147
1200,ML,0.98,35.434169515449746
2000,ML,0.98,26.609051133597795
0,Optimization,0.98,76.7972273958192
1,ML,0.98,223.96590688512532
100,ML,0.98,89.26141572519651
500,ML,0.98,51.42051409382209
1200,ML,0.98,34.85459415935874
2000,ML,0.98,27.160838254591336
0,Optimization,0.98,76.87782810392417
1,ML,0.98,219.753387979136
100,ML,0.98,88.09842535727114
500,ML,0.98,45.94682714377395
1200,ML,0.98,33.95712249686385
2000,ML,0.98,24.45849953967727
0,Optimization,0.98,89.08651735077925
1,ML,0.98,220.01113522772508
100,ML,0.98,86.5845767548271
500,ML,0.98,48.598553854989206
1200,ML,0.98,38.21533038120054
2000,ML,0.98,21.67341327889962
0,Optimization,0.98,68.33746199665704
1,ML,0.98,229.0302034046265
100,ML,0.98,79.14759992271605
500,ML,0.98,45.939912802090376
1200,ML,0.98,41.83912253132095
2000,ML,0.98,24.11041426102788
0,Optimization,0.98,76.20889967991306
1,ML,0.98,220.09949328597787
100,ML,0.98,83.97912210859917
500,ML,0.98,60.071688934249565
1200,ML,0.98,41.41789081627833
2000,ML,0.98,32.245307013874815
0,Optimization,1.0,75.44203297634547
1,ML,1.0,258.93341265564595
100,ML,1.0,93.9052736291117
500,ML,1.0,60.7589183178767
1200,ML,1.0,44.82295412063871
2000,ML,1.0,34.14837590840792
0,Optimization,1.0,93.4287576381831
1,ML,1.0,249.18415817890332
100,ML,1.0,92.53741916529866
500,ML,1.0,58.217150425140325
1200,ML,1.0,56.3721861951198
2000,ML,1.0,34.15654799986828
0,Optimization,1.0,77.44393526242376
1,ML,1.0,248.45111621726085
100,ML,1.0,90.43799357986529
500,ML,1.0,55.974257572021024
1200,ML,1.0,53.084633117747714
2000,ML,1.0,36.47184675288966
0,Optimization,1.0,83.68218044662302
1,ML,1.0,259.76257182701727
100,ML,1.0,95.33004050658957
500,ML,1.0,59.485433888303874
1200,ML,1.0,46.921578987334534
2000,ML,1.0,32.972302928574734
0,Optimization,1.0,84.59010781055593
1,ML,1.0,254.7495895369985
100,ML,1.0,94.43339044937163
500,ML,1.0,57.23757741059667
1200,ML,1.0,48.483611666554204
2000,ML,1.0,33.704868905806904
0,Optimization,1.0,77.15988116783372
1,ML,1.0,250.43468308944912
100,ML,1.0,106.3405515340157
500,ML,1.0,55.37118582422382
1200,ML,1.0,46.52196409332197
2000,ML,1.0,34.279338264841414
0,Optimization,1.0,87.52221477020149
1,ML,1.0,250.34945498516473
100,ML,1.0,98.3297466414583
500,ML,1.0,60.551606550181745
1200,ML,1.0,48.38099517833348
2000,ML,1.0,34.429193633932925
0,Optimization,1.0,76.84861205661805
1,ML,1.0,251.8346446744502
100,ML,1.0,92.71262379872536
500,ML,1.0,58.82626794300677
1200,ML,1.0,45.81031776519157
2000,ML,1.0,34.124030084758154
0,Optimization,1.0,75.23850828865113
1,ML,1.0,266.6457953001976
100,ML,1.0,107.78697782758657
500,ML,1.0,59.63598251694701
1200,ML,1.0,46.83391201159116
2000,ML,1.0,38.30814737341383
